playlist,status,video_id,title,url,kind,fit,newcomer,primary
Start Here: New to Abolition,include,W2GOQAmhlEU,Who gets punished?,https://www.youtube.com/shorts/W2GOQAmhlEU,short,0.700,2.77,hard-cases
Start Here: New to Abolition,include,e6cr3qMF510,We're not doing this,https://www.youtube.com/shorts/e6cr3qMF510,short,0.650,2.44,history-of-abolition
Start Here: New to Abolition,include,Q8g59iRiH9I,"""It's not living"" refuted",https://www.youtube.com/shorts/Q8g59iRiH9I,short,0.640,2.50,personhood
Start Here: New to Abolition,include,h9lK-m1jFbI,Isn't that biased?,https://www.youtube.com/shorts/h9lK-m1jFbI,short,0.620,2.50,capital-punishment-and-the-role-of-civil-governm
Start Here: New to Abolition,include,-0MWjoZQJok,I have done that..,https://www.youtube.com/shorts/-0MWjoZQJok,short,0.620,2.38,what-about-answering-deflections-and-staying-on-
Start Here: New to Abolition,include,ca169-nNlJk,I wouldn't have remembered,https://www.youtube.com/shorts/ca169-nNlJk,short,0.610,2.41,why-every-human-has-value-image-of-god-and-objec
Start Here: New to Abolition,include,xO-_-HtFknw,You don't believe in human rights,https://www.youtube.com/shorts/xO-_-HtFknw,short,0.560,2.56,why-every-human-has-value-image-of-god-and-objec
Start Here: New to Abolition,include,YtUhfKzkr5c,The ulterior motives of a white knight,https://www.youtube.com/shorts/YtUhfKzkr5c,short,0.570,2.40,bodily-autonomy
Start Here: New to Abolition,include,lxQWR1OVuB4,Muh Bodily Autonomy,https://www.youtube.com/shorts/lxQWR1OVuB4,short,0.570,2.26,bodily-autonomy
Start Here: New to Abolition,include,ivjJPkrLV24,Using Extremes,https://www.youtube.com/shorts/ivjJPkrLV24,short,0.530,2.55,hard-cases
Start Here: New to Abolition,include,11ArCmcXS0Y,A damsel in distress,https://www.youtube.com/shorts/11ArCmcXS0Y,short,0.610,1.70,personhood
Start Here: New to Abolition,include,a051dvVsvJs,"""I'm being scientific."" No, you're not",https://www.youtube.com/shorts/a051dvVsvJs,short,0.560,2.11,why-every-human-has-value-image-of-god-and-objec
Start Here: New to Abolition,include,5WY2ouZt9iA,Are they a human?,https://www.youtube.com/shorts/5WY2ouZt9iA,short,0.540,2.22,personhood
Start Here: New to Abolition,include,bsgN1HnqPEk,EXACTLY,https://www.youtube.com/shorts/bsgN1HnqPEk,short,0.480,2.86,what-about-answering-deflections-and-staying-on-
Start Here: New to Abolition,include,yxVrgcnGOew,Pretending not to understand,https://www.youtube.com/shorts/yxVrgcnGOew,short,0.560,1.97,what-about-answering-deflections-and-staying-on-
Start Here: New to Abolition,review,ZbUASaMqki4,Over population,https://www.youtube.com/shorts/ZbUASaMqki4,short,0.520,2.32,quality-of-life
Start Here: New to Abolition,review,t2JjrabkZr8,I foster!,https://www.youtube.com/shorts/t2JjrabkZr8,short,0.510,2.36,what-about-answering-deflections-and-staying-on-
Start Here: New to Abolition,review,Yi1WKH6jWmc,The golden rule,https://www.youtube.com/shorts/Yi1WKH6jWmc,short,0.510,2.35,hard-cases
Start Here: New to Abolition,review,W7nk9up84N8,Thanos Wasn't Right...,https://www.youtube.com/shorts/W7nk9up84N8,short,0.560,1.76,quality-of-life
Start Here: New to Abolition,review,IrrksOV19SY,It's Called BIRTH DAY!,https://www.youtube.com/shorts/IrrksOV19SY,short,0.550,1.84,personhood
Start Here: New to Abolition,review,ScoxVxE893Y,He knew this was dumb,https://www.youtube.com/shorts/ScoxVxE893Y,short,0.510,2.20,capital-punishment-and-the-role-of-civil-governm
Start Here: New to Abolition,review,80vl8mViRzM,College Student Actually Listens when Corrected by Historian,https://www.youtube.com/watch?v=80vl8mViRzM,video,0.620,1.23,history-of-abolition
Start Here: New to Abolition,review,b9Q7CmvXsp4,Friendly fire,https://www.youtube.com/shorts/b9Q7CmvXsp4,short,0.500,2.00,what-about-answering-deflections-and-staying-on-
Start Here: New to Abolition,review,eH2ZftGspsc,Should the strong protect the weak?,https://www.youtube.com/shorts/eH2ZftGspsc,short,0.520,1.80,personhood
Start Here: New to Abolition,review,kPJ5YOH1r3c,I'd sacrifice for myself,https://www.youtube.com/shorts/kPJ5YOH1r3c,short,0.470,2.18,quality-of-life
Start Here: New to Abolition,review,07pi_JNGdkQ,She ruined dinner,https://www.youtube.com/shorts/07pi_JNGdkQ,short,0.500,1.83,bodily-autonomy
Start Here: New to Abolition,review,H7-GVLsHmf4,Selfish,https://www.youtube.com/shorts/H7-GVLsHmf4,short,0.460,2.23,bodily-autonomy
Start Here: New to Abolition,review,KUoczx0YsgQ,Apathetic College Girl Encounters Abolition,https://www.youtube.com/watch?v=KUoczx0YsgQ,video,0.560,1.27,equal-protection
Start Here: New to Abolition,review,XzezMrNI7fI,The church fathers aren't with you,https://www.youtube.com/shorts/XzezMrNI7fI,short,0.420,2.69,pro-choice-christians
Start Here: New to Abolition,review,lu26huMetBw,It's the same logic,https://www.youtube.com/shorts/lu26huMetBw,short,0.460,2.06,history-of-abolition
Who Are You to Judge? Answering Moral Relativism,include,ca169-nNlJk,I wouldn't have remembered,https://www.youtube.com/shorts/ca169-nNlJk,short,0.790,2.41,why-every-human-has-value-image-of-god-and-objec
Who Are You to Judge? Answering Moral Relativism,include,l6iCZ9DvUxk,So it's arbitrary?,https://www.youtube.com/shorts/l6iCZ9DvUxk,short,0.890,1.79,moral-relativism
Who Are You to Judge? Answering Moral Relativism,include,3Eurqr-KoFo,Saw it coming...,https://www.youtube.com/shorts/3Eurqr-KoFo,short,0.830,2.13,history-of-abolition
Who Are You to Judge? Answering Moral Relativism,include,ZbUASaMqki4,Over population,https://www.youtube.com/shorts/ZbUASaMqki4,short,0.790,2.32,quality-of-life
Who Are You to Judge? Answering Moral Relativism,include,j5aataEPToQ,Perfect timing,https://www.youtube.com/shorts/j5aataEPToQ,short,0.840,2.00,men-can-t-talk-about-abortion-answering-gender-b
Who Are You to Judge? Answering Moral Relativism,include,b9Q7CmvXsp4,Friendly fire,https://www.youtube.com/shorts/b9Q7CmvXsp4,short,0.830,2.00,what-about-answering-deflections-and-staying-on-
Who Are You to Judge? Answering Moral Relativism,include,P9o4KbFAoQE,"That's just like, your opinion",https://www.youtube.com/shorts/P9o4KbFAoQE,short,0.880,1.45,moral-relativism
Who Are You to Judge? Answering Moral Relativism,include,-0MWjoZQJok,I have done that..,https://www.youtube.com/shorts/-0MWjoZQJok,short,0.700,2.38,what-about-answering-deflections-and-staying-on-
Who Are You to Judge? Answering Moral Relativism,include,Yi1WKH6jWmc,The golden rule,https://www.youtube.com/shorts/Yi1WKH6jWmc,short,0.700,2.35,hard-cases
Who Are You to Judge? Answering Moral Relativism,include,092SlCLkL7w,"""You're Being Fools!"" Pro-Choice Student Embarrassed by His Side",https://www.youtube.com/watch?v=092SlCLkL7w,video,0.870,1.01,pro-choice-christians
Who Are You to Judge? Answering Moral Relativism,include,0vXgLYrZgmQ,Condescending Woman Tries to Run Me Out of Town,https://www.youtube.com/watch?v=0vXgLYrZgmQ,video,0.850,1.09,personhood
Who Are You to Judge? Answering Moral Relativism,include,tOi0H8UzcHI,"""Can I Slap You?"" Pro-Choicers Get Mad",https://www.youtube.com/watch?v=tOi0H8UzcHI,video,0.800,1.05,street-ministry
Who Are You to Judge? Answering Moral Relativism,include,rTwwtPFbQfM,“Men are Pigs!” Women HAVE to Abort Babies!,https://www.youtube.com/watch?v=rTwwtPFbQfM,video,0.740,1.28,men-can-t-talk-about-abortion-answering-gender-b
Who Are You to Judge? Answering Moral Relativism,include,d9nFDzQXc8Y,Am I Talking to a Fake Christian?,https://www.youtube.com/watch?v=d9nFDzQXc8Y,video,0.770,1.11,pro-choice-christians
Who Are You to Judge? Answering Moral Relativism,include,CM1v0DMBtqk,College Kid Fails to Follow Basic Reasoning,https://www.youtube.com/watch?v=CM1v0DMBtqk,video,0.790,0.92,moral-relativism
Who Are You to Judge? Answering Moral Relativism,include,Q3HexTrgTWA,You hope I get what?,https://www.youtube.com/shorts/Q3HexTrgTWA,short,0.730,1.00,personhood
Who Are You to Judge? Answering Moral Relativism,review,sTbtdokaRX0,“You’re a White Man!” You can’t talk about that!,https://www.youtube.com/watch?v=sTbtdokaRX0,video,0.690,1.11,men-can-t-talk-about-abortion-answering-gender-b
Who Are You to Judge? Answering Moral Relativism,review,kPJ5YOH1r3c,I'd sacrifice for myself,https://www.youtube.com/shorts/kPJ5YOH1r3c,short,0.690,2.18,quality-of-life
Who Are You to Judge? Answering Moral Relativism,review,AwBTQZI1Pp8,Telling People Who've Had Abortions the Truth,https://www.youtube.com/watch?v=AwBTQZI1Pp8,video,0.690,1.25,street-ministry
Who Are You to Judge? Answering Moral Relativism,review,BDxeLAxX-6o,Irate Woman: No Man Can Tell Me Not To Murder!,https://www.youtube.com/watch?v=BDxeLAxX-6o,video,0.650,1.26,men-can-t-talk-about-abortion-answering-gender-b
Who Are You to Judge? Answering Moral Relativism,review,4RbmC9tjnmo,Stop touching my sign,https://www.youtube.com/shorts/4RbmC9tjnmo,short,0.620,1.09,why-every-human-has-value-image-of-god-and-objec
Who Are You to Judge? Answering Moral Relativism,review,nypLoPRkoD8,Angry Pro-Choicers Get Aggressive,https://www.youtube.com/watch?v=nypLoPRkoD8,video,0.610,1.05,know-your-rights-free-speech-police-permits-and-
Who Are You to Judge? Answering Moral Relativism,review,ZZwnqh3fCVM,"Black Lives Matter, ja?",https://www.youtube.com/shorts/ZZwnqh3fCVM,short,0.580,0.97,what-about-answering-deflections-and-staying-on-
Who Are You to Judge? Answering Moral Relativism,review,zcqFgS_MbHA,I Got Punched in the Face...,https://www.youtube.com/watch?v=zcqFgS_MbHA,video,0.580,1.05,know-your-rights-free-speech-police-permits-and-
Who Are You to Judge? Answering Moral Relativism,review,79SYBXPtsMM,Cocky Woman Gives Up After Her Arguments Crumble,https://www.youtube.com/watch?v=79SYBXPtsMM,video,0.570,1.03,equal-protection
Who Are You to Judge? Answering Moral Relativism,review,fF5MALgv-Fk,He made us that way!,https://www.youtube.com/shorts/fF5MALgv-Fk,short,0.570,1.97,moral-relativism
Who Are You to Judge? Answering Moral Relativism,review,tWwOVxJGE3c,You don't like humans,https://www.youtube.com/shorts/tWwOVxJGE3c,short,0.560,1.13,why-every-human-has-value-image-of-god-and-objec
Who Are You to Judge? Answering Moral Relativism,review,5BFPIDsqUDw,2 HOURS of Atheism Being Dismantled (UNCUT),https://www.youtube.com/watch?v=5BFPIDsqUDw,video,0.560,0.98,why-every-human-has-value-image-of-god-and-objec
Who Are You to Judge? Answering Moral Relativism,review,Q8g59iRiH9I,"""It's not living"" refuted",https://www.youtube.com/shorts/Q8g59iRiH9I,short,0.550,2.50,personhood
Who Are You to Judge? Answering Moral Relativism,review,qOjC_2KgkG8,Meet me in the alley!,https://www.youtube.com/shorts/qOjC_2KgkG8,short,0.550,1.34,street-ministry
Who Are You to Judge? Answering Moral Relativism,review,a7j1hYLe3dQ,"""Your God is a Fairytale""",https://www.youtube.com/watch?v=a7j1hYLe3dQ,video,0.540,0.88,men-can-t-talk-about-abortion-answering-gender-b
Who Are You to Judge? Answering Moral Relativism,review,e6LGwSxJyHY,What's the difference?,https://www.youtube.com/shorts/e6LGwSxJyHY,short,0.540,1.90,why-every-human-has-value-image-of-god-and-objec
Who Are You to Judge? Answering Moral Relativism,review,KUoczx0YsgQ,Apathetic College Girl Encounters Abolition,https://www.youtube.com/watch?v=KUoczx0YsgQ,video,0.530,1.27,equal-protection
Who Are You to Judge? Answering Moral Relativism,review,CgrtYRlAcMA,Hypocrites,https://www.youtube.com/shorts/CgrtYRlAcMA,short,0.510,1.35,what-about-answering-deflections-and-staying-on-
Who Are You to Judge? Answering Moral Relativism,review,mIjz-rAzKGQ,Pro-Choicer Tries to LIE About Me to My FACE,https://www.youtube.com/watch?v=mIjz-rAzKGQ,video,0.500,0.83,capital-punishment-and-the-role-of-civil-governm
Who Are You to Judge? Answering Moral Relativism,review,kE0R4UIsgU0,Mean girls,https://www.youtube.com/shorts/kE0R4UIsgU0,short,0.500,1.97,pro-choice-christians
Who Are You to Judge? Answering Moral Relativism,review,T635PmaiNmk,"We Got BANNED from the ""Freedom"" Trail",https://www.youtube.com/watch?v=T635PmaiNmk,video,0.470,1.03,know-your-rights-free-speech-police-permits-and-
Who Are You to Judge? Answering Moral Relativism,review,hWoKxGIziJE,"""I don't judge people""",https://www.youtube.com/shorts/hWoKxGIziJE,short,0.470,0.88,why-every-human-has-value-image-of-god-and-objec
Who Are You to Judge? Answering Moral Relativism,review,131W86s78Jw,“I Would Murder My Child to Protect Them from Abuse”,https://www.youtube.com/watch?v=131W86s78Jw,video,0.460,0.91,quality-of-life
Who Are You to Judge? Answering Moral Relativism,review,lu26huMetBw,It's the same logic,https://www.youtube.com/shorts/lu26huMetBw,short,0.460,2.06,history-of-abolition
Who Are You to Judge? Answering Moral Relativism,review,ItVt-0WtcKE,"""SCIENCE"" is NOT on the Side of Abortion",https://www.youtube.com/watch?v=ItVt-0WtcKE,video,0.430,1.08,personhood
Who Are You to Judge? Answering Moral Relativism,review,rWfThCtRagE,Pro-Choicer Actually Listens After Running Out of Arguments,https://www.youtube.com/watch?v=rWfThCtRagE,video,0.420,1.14,personhood
Who Are You to Judge? Answering Moral Relativism,review,NDfpiIEZfnw,You want Sharia law,https://www.youtube.com/shorts/NDfpiIEZfnw,short,0.410,1.12,equal-protection
Who Are You to Judge? Answering Moral Relativism,review,07pi_JNGdkQ,She ruined dinner,https://www.youtube.com/shorts/07pi_JNGdkQ,short,0.400,1.83,bodily-autonomy
"My Body, My Choice: Bodily Autonomy",include,lxQWR1OVuB4,Muh Bodily Autonomy,https://www.youtube.com/shorts/lxQWR1OVuB4,short,0.850,2.26,bodily-autonomy
"My Body, My Choice: Bodily Autonomy",include,YtUhfKzkr5c,The ulterior motives of a white knight,https://www.youtube.com/shorts/YtUhfKzkr5c,short,0.710,2.40,bodily-autonomy
"My Body, My Choice: Bodily Autonomy",include,H7-GVLsHmf4,Selfish,https://www.youtube.com/shorts/H7-GVLsHmf4,short,0.730,2.23,bodily-autonomy
"My Body, My Choice: Bodily Autonomy",include,5sWH3wdQj8M,Proud Atheist Confused When Christian Agrees With Him,https://www.youtube.com/watch?v=5sWH3wdQj8M,video,0.900,1.23,bodily-autonomy
"My Body, My Choice: Bodily Autonomy",include,07pi_JNGdkQ,She ruined dinner,https://www.youtube.com/shorts/07pi_JNGdkQ,short,0.750,1.83,bodily-autonomy
"My Body, My Choice: Bodily Autonomy",include,nBQEepHLo78,You weren't listened to!,https://www.youtube.com/shorts/nBQEepHLo78,short,0.780,1.60,bodily-autonomy
"My Body, My Choice: Bodily Autonomy",include,BDxeLAxX-6o,Irate Woman: No Man Can Tell Me Not To Murder!,https://www.youtube.com/watch?v=BDxeLAxX-6o,video,0.840,1.26,men-can-t-talk-about-abortion-answering-gender-b
"My Body, My Choice: Bodily Autonomy",include,OAxjOsZh2O8,What can I take away from you?,https://www.youtube.com/shorts/OAxjOsZh2O8,short,0.800,1.41,bodily-autonomy
"My Body, My Choice: Bodily Autonomy",include,j9-1TVtwKCM,It Doesn't Help,https://www.youtube.com/shorts/j9-1TVtwKCM,short,0.750,1.65,hard-cases
"My Body, My Choice: Bodily Autonomy",include,FMXX4TP6GeE,You made a kid cry!,https://www.youtube.com/shorts/FMXX4TP6GeE,short,0.800,1.20,bodily-autonomy
"My Body, My Choice: Bodily Autonomy",include,rWfThCtRagE,Pro-Choicer Actually Listens After Running Out of Arguments,https://www.youtube.com/watch?v=rWfThCtRagE,video,0.810,1.14,personhood
"My Body, My Choice: Bodily Autonomy",include,RXvKBVA3vyQ,Stay and talk,https://www.youtube.com/shorts/RXvKBVA3vyQ,short,0.780,1.29,bodily-autonomy
"My Body, My Choice: Bodily Autonomy",include,092SlCLkL7w,"""You're Being Fools!"" Pro-Choice Student Embarrassed by His Side",https://www.youtube.com/watch?v=092SlCLkL7w,video,0.810,1.01,pro-choice-christians
"My Body, My Choice: Bodily Autonomy",include,rTwwtPFbQfM,“Men are Pigs!” Women HAVE to Abort Babies!,https://www.youtube.com/watch?v=rTwwtPFbQfM,video,0.750,1.28,men-can-t-talk-about-abortion-answering-gender-b
"My Body, My Choice: Bodily Autonomy",include,RnFr2hdZikg,Pro-Choice Social Worker CRASHES OUT,https://www.youtube.com/watch?v=RnFr2hdZikg,video,0.770,1.06,what-about-answering-deflections-and-staying-on-
"My Body, My Choice: Bodily Autonomy",include,ItVt-0WtcKE,"""SCIENCE"" is NOT on the Side of Abortion",https://www.youtube.com/watch?v=ItVt-0WtcKE,video,0.730,1.08,personhood
"My Body, My Choice: Bodily Autonomy",review,B3bvA29f6dQ,Y'all did this to us!,https://www.youtube.com/shorts/B3bvA29f6dQ,short,0.690,1.27,men-can-t-talk-about-abortion-answering-gender-b
"My Body, My Choice: Bodily Autonomy",review,T635PmaiNmk,"We Got BANNED from the ""Freedom"" Trail",https://www.youtube.com/watch?v=T635PmaiNmk,video,0.690,1.03,know-your-rights-free-speech-police-permits-and-
"My Body, My Choice: Bodily Autonomy",review,66V17qT4WTo,"""Stop Mansplaining!!"" Abortion Loving Students Can't Handle Debate",https://www.youtube.com/watch?v=66V17qT4WTo,video,0.680,1.15,personhood
"My Body, My Choice: Bodily Autonomy",review,a7j1hYLe3dQ,"""Your God is a Fairytale""",https://www.youtube.com/watch?v=a7j1hYLe3dQ,video,0.680,0.88,men-can-t-talk-about-abortion-answering-gender-b
"My Body, My Choice: Bodily Autonomy",review,QH7EOmYpfU0,You're not helping!,https://www.youtube.com/shorts/QH7EOmYpfU0,short,0.650,1.96,what-about-answering-deflections-and-staying-on-
"My Body, My Choice: Bodily Autonomy",review,X3gt3z-OiHE,That's impossible to answer,https://www.youtube.com/shorts/X3gt3z-OiHE,short,0.650,1.48,bodily-autonomy
"My Body, My Choice: Bodily Autonomy",review,kPJ5YOH1r3c,I'd sacrifice for myself,https://www.youtube.com/shorts/kPJ5YOH1r3c,short,0.640,2.18,quality-of-life
"My Body, My Choice: Bodily Autonomy",review,LG34KJuE9-4,You are rude,https://www.youtube.com/shorts/LG34KJuE9-4,short,0.630,1.23,bodily-autonomy
"My Body, My Choice: Bodily Autonomy",review,tWwOVxJGE3c,You don't like humans,https://www.youtube.com/shorts/tWwOVxJGE3c,short,0.580,1.13,why-every-human-has-value-image-of-god-and-objec
"My Body, My Choice: Bodily Autonomy",review,Q3HexTrgTWA,You hope I get what?,https://www.youtube.com/shorts/Q3HexTrgTWA,short,0.570,1.00,personhood
"My Body, My Choice: Bodily Autonomy",review,YymkPJDaR6s,Don't engage!,https://www.youtube.com/shorts/YymkPJDaR6s,short,0.570,1.83,what-about-answering-deflections-and-staying-on-
"My Body, My Choice: Bodily Autonomy",review,Hm_COKf39s4,Hard Situation,https://www.youtube.com/shorts/Hm_COKf39s4,short,0.560,1.89,quality-of-life
"My Body, My Choice: Bodily Autonomy",review,-0MWjoZQJok,I have done that..,https://www.youtube.com/shorts/-0MWjoZQJok,short,0.550,2.38,what-about-answering-deflections-and-staying-on-
"My Body, My Choice: Bodily Autonomy",review,tOi0H8UzcHI,"""Can I Slap You?"" Pro-Choicers Get Mad",https://www.youtube.com/watch?v=tOi0H8UzcHI,video,0.520,1.05,street-ministry
"My Body, My Choice: Bodily Autonomy",review,qOjC_2KgkG8,Meet me in the alley!,https://www.youtube.com/shorts/qOjC_2KgkG8,short,0.520,1.34,street-ministry
"My Body, My Choice: Bodily Autonomy",review,131W86s78Jw,“I Would Murder My Child to Protect Them from Abuse”,https://www.youtube.com/watch?v=131W86s78Jw,video,0.500,0.91,quality-of-life
"My Body, My Choice: Bodily Autonomy",review,THF5PDcxX6M,"Pro-Choicers Openly Admit They Don't Believe in ""Human Rights""",https://www.youtube.com/watch?v=THF5PDcxX6M,video,0.500,1.09,personhood
"My Body, My Choice: Bodily Autonomy",review,CgrtYRlAcMA,Hypocrites,https://www.youtube.com/shorts/CgrtYRlAcMA,short,0.470,1.35,what-about-answering-deflections-and-staying-on-
"My Body, My Choice: Bodily Autonomy",review,sTbtdokaRX0,“You’re a White Man!” You can’t talk about that!,https://www.youtube.com/watch?v=sTbtdokaRX0,video,0.460,1.11,men-can-t-talk-about-abortion-answering-gender-b
"My Body, My Choice: Bodily Autonomy",review,1QWHrGjux40,Imagine your dad doing this,https://www.youtube.com/shorts/1QWHrGjux40,short,0.450,1.97,men-can-t-talk-about-abortion-answering-gender-b
"My Body, My Choice: Bodily Autonomy",review,CM1v0DMBtqk,College Kid Fails to Follow Basic Reasoning,https://www.youtube.com/watch?v=CM1v0DMBtqk,video,0.450,0.92,moral-relativism
"My Body, My Choice: Bodily Autonomy",review,K063Lr77DGc,You should leave!,https://www.youtube.com/shorts/K063Lr77DGc,short,0.440,0.62,men-can-t-talk-about-abortion-answering-gender-b
"My Body, My Choice: Bodily Autonomy",review,IHR66QXMZhA,You people aren't genuine,https://www.youtube.com/shorts/IHR66QXMZhA,short,0.430,0.87,what-about-answering-deflections-and-staying-on-
"My Body, My Choice: Bodily Autonomy",review,sl4CtDkeKA8,I smelled it,https://www.youtube.com/shorts/sl4CtDkeKA8,short,0.420,0.91,men-can-t-talk-about-abortion-answering-gender-b
"My Body, My Choice: Bodily Autonomy",review,b9Q7CmvXsp4,Friendly fire,https://www.youtube.com/shorts/b9Q7CmvXsp4,short,0.400,2.00,what-about-answering-deflections-and-staying-on-
"My Body, My Choice: Bodily Autonomy",review,79SYBXPtsMM,Cocky Woman Gives Up After Her Arguments Crumble,https://www.youtube.com/watch?v=79SYBXPtsMM,video,0.400,1.03,equal-protection
"My Body, My Choice: Bodily Autonomy",review,hWoKxGIziJE,"""I don't judge people""",https://www.youtube.com/shorts/hWoKxGIziJE,short,0.400,0.88,why-every-human-has-value-image-of-god-and-objec
When Does Life Begin? Personhood and Science,include,Q8g59iRiH9I,"""It's not living"" refuted",https://www.youtube.com/shorts/Q8g59iRiH9I,short,0.930,2.50,personhood
When Does Life Begin? Personhood and Science,include,a051dvVsvJs,"""I'm being scientific."" No, you're not",https://www.youtube.com/shorts/a051dvVsvJs,short,0.920,2.11,why-every-human-has-value-image-of-god-and-objec
When Does Life Begin? Personhood and Science,include,ZbUASaMqki4,Over population,https://www.youtube.com/shorts/ZbUASaMqki4,short,0.870,2.32,quality-of-life
When Does Life Begin? Personhood and Science,include,t2JjrabkZr8,I foster!,https://www.youtube.com/shorts/t2JjrabkZr8,short,0.860,2.36,what-about-answering-deflections-and-staying-on-
When Does Life Begin? Personhood and Science,include,M7BJlMpT4zc,Did you go to college?,https://www.youtube.com/shorts/M7BJlMpT4zc,short,0.930,1.84,personhood
When Does Life Begin? Personhood and Science,include,IrrksOV19SY,It's Called BIRTH DAY!,https://www.youtube.com/shorts/IrrksOV19SY,short,0.920,1.84,personhood
When Does Life Begin? Personhood and Science,include,5WY2ouZt9iA,Are they a human?,https://www.youtube.com/shorts/5WY2ouZt9iA,short,0.840,2.22,personhood
When Does Life Begin? Personhood and Science,include,11ArCmcXS0Y,A damsel in distress,https://www.youtube.com/shorts/11ArCmcXS0Y,short,0.930,1.70,personhood
When Does Life Begin? Personhood and Science,include,eH2ZftGspsc,Should the strong protect the weak?,https://www.youtube.com/shorts/eH2ZftGspsc,short,0.890,1.80,personhood
When Does Life Begin? Personhood and Science,include,D46xmT9YpuI,She lost the bet,https://www.youtube.com/shorts/D46xmT9YpuI,short,0.770,2.39,personhood
When Does Life Begin? Personhood and Science,include,3dL81DM6qOc,Go be with your family!,https://www.youtube.com/shorts/3dL81DM6qOc,short,0.840,1.83,men-can-t-talk-about-abortion-answering-gender-b
When Does Life Begin? Personhood and Science,include,-0MWjoZQJok,I have done that..,https://www.youtube.com/shorts/-0MWjoZQJok,short,0.750,2.38,what-about-answering-deflections-and-staying-on-
When Does Life Begin? Personhood and Science,include,FfdiwPQPf14,Pro-Abortion Girl Caught LYING! Loses Debate,https://www.youtube.com/watch?v=FfdiwPQPf14,video,0.960,1.19,personhood
When Does Life Begin? Personhood and Science,include,KfVHr1oAyO0,They're not alive!,https://www.youtube.com/shorts/KfVHr1oAyO0,short,0.790,2.05,personhood
When Does Life Begin? Personhood and Science,include,rWfThCtRagE,Pro-Choicer Actually Listens After Running Out of Arguments,https://www.youtube.com/watch?v=rWfThCtRagE,video,0.960,1.14,personhood
When Does Life Begin? Personhood and Science,include,HetMWkScOi0,It's a parasite!,https://www.youtube.com/shorts/HetMWkScOi0,short,0.750,2.26,personhood
When Does Life Begin? Personhood and Science,include,66V17qT4WTo,"""Stop Mansplaining!!"" Abortion Loving Students Can't Handle Debate",https://www.youtube.com/watch?v=66V17qT4WTo,video,0.940,1.15,personhood
When Does Life Begin? Personhood and Science,include,CgrtYRlAcMA,Hypocrites,https://www.youtube.com/shorts/CgrtYRlAcMA,short,0.880,1.35,what-about-answering-deflections-and-staying-on-
When Does Life Begin? Personhood and Science,include,PcyuDH2dBbw,What are you laughing at!,https://www.youtube.com/shorts/PcyuDH2dBbw,short,0.920,1.13,personhood
When Does Life Begin? Personhood and Science,include,rTwwtPFbQfM,“Men are Pigs!” Women HAVE to Abort Babies!,https://www.youtube.com/watch?v=rTwwtPFbQfM,video,0.880,1.28,men-can-t-talk-about-abortion-answering-gender-b
When Does Life Begin? Personhood and Science,include,0vXgLYrZgmQ,Condescending Woman Tries to Run Me Out of Town,https://www.youtube.com/watch?v=0vXgLYrZgmQ,video,0.920,1.09,personhood
When Does Life Begin? Personhood and Science,include,THF5PDcxX6M,"Pro-Choicers Openly Admit They Don't Believe in ""Human Rights""",https://www.youtube.com/watch?v=THF5PDcxX6M,video,0.920,1.09,personhood
When Does Life Begin? Personhood and Science,include,M7WZ5Cd9hPM,Who won the bet?,https://www.youtube.com/shorts/M7WZ5Cd9hPM,short,0.850,1.42,personhood
When Does Life Begin? Personhood and Science,include,ItVt-0WtcKE,"""SCIENCE"" is NOT on the Side of Abortion",https://www.youtube.com/watch?v=ItVt-0WtcKE,video,0.910,1.08,personhood
When Does Life Begin? Personhood and Science,include,092SlCLkL7w,"""You're Being Fools!"" Pro-Choice Student Embarrassed by His Side",https://www.youtube.com/watch?v=092SlCLkL7w,video,0.920,1.01,pro-choice-christians
When Does Life Begin? Personhood and Science,include,5sWH3wdQj8M,Proud Atheist Confused When Christian Agrees With Him,https://www.youtube.com/watch?v=5sWH3wdQj8M,video,0.850,1.23,bodily-autonomy
When Does Life Begin? Personhood and Science,include,8TYQESKp59Q,BLAH!,https://www.youtube.com/shorts/8TYQESKp59Q,short,0.840,1.24,personhood
When Does Life Begin? Personhood and Science,include,eHcCw3LyUqA,That is pretty funny.,https://www.youtube.com/shorts/eHcCw3LyUqA,short,0.740,1.72,personhood
When Does Life Begin? Personhood and Science,include,AmzTubK_3fQ,"""He's a Pedophile!!!"" Pro-Choicers Slander Christian",https://www.youtube.com/watch?v=AmzTubK_3fQ,video,0.890,0.91,pro-choice-christians
When Does Life Begin? Personhood and Science,include,9_YPB2maJW0,That's fake!,https://www.youtube.com/shorts/9_YPB2maJW0,short,0.780,1.42,personhood
When Does Life Begin? Personhood and Science,include,OAxjOsZh2O8,What can I take away from you?,https://www.youtube.com/shorts/OAxjOsZh2O8,short,0.780,1.41,bodily-autonomy
When Does Life Begin? Personhood and Science,include,zlX2MZ9Y-9s,I Told a Trans Activist that She's Not Oppressed,https://www.youtube.com/watch?v=zlX2MZ9Y-9s,video,0.900,0.82,personhood
When Does Life Begin? Personhood and Science,include,iKWq2bqWfjo,Pro-Aborts ATTACK When They Can't Debate,https://www.youtube.com/watch?v=iKWq2bqWfjo,video,0.830,1.10,history-of-abolition
When Does Life Begin? Personhood and Science,include,5BFPIDsqUDw,2 HOURS of Atheism Being Dismantled (UNCUT),https://www.youtube.com/watch?v=5BFPIDsqUDw,video,0.820,0.98,why-every-human-has-value-image-of-god-and-objec
When Does Life Begin? Personhood and Science,include,a7j1hYLe3dQ,"""Your God is a Fairytale""",https://www.youtube.com/watch?v=a7j1hYLe3dQ,video,0.840,0.88,men-can-t-talk-about-abortion-answering-gender-b
When Does Life Begin? Personhood and Science,include,KUoczx0YsgQ,Apathetic College Girl Encounters Abolition,https://www.youtube.com/watch?v=KUoczx0YsgQ,video,0.760,1.27,equal-protection
When Does Life Begin? Personhood and Science,include,RnFr2hdZikg,Pro-Choice Social Worker CRASHES OUT,https://www.youtube.com/watch?v=RnFr2hdZikg,video,0.750,1.06,what-about-answering-deflections-and-staying-on-
When Does Life Begin? Personhood and Science,include,sTbtdokaRX0,“You’re a White Man!” You can’t talk about that!,https://www.youtube.com/watch?v=sTbtdokaRX0,video,0.730,1.11,men-can-t-talk-about-abortion-answering-gender-b
When Does Life Begin? Personhood and Science,include,tU37ITiGX4w,Too close,https://www.youtube.com/shorts/tU37ITiGX4w,short,0.720,1.13,personhood
When Does Life Begin? Personhood and Science,include,T635PmaiNmk,"We Got BANNED from the ""Freedom"" Trail",https://www.youtube.com/watch?v=T635PmaiNmk,video,0.730,1.03,know-your-rights-free-speech-police-permits-and-
When Does Life Begin? Personhood and Science,include,Q3HexTrgTWA,You hope I get what?,https://www.youtube.com/shorts/Q3HexTrgTWA,short,0.720,1.00,personhood
When Does Life Begin? Personhood and Science,review,BDxeLAxX-6o,Irate Woman: No Man Can Tell Me Not To Murder!,https://www.youtube.com/watch?v=BDxeLAxX-6o,video,0.690,1.26,men-can-t-talk-about-abortion-answering-gender-b
When Does Life Begin? Personhood and Science,review,79SYBXPtsMM,Cocky Woman Gives Up After Her Arguments Crumble,https://www.youtube.com/watch?v=79SYBXPtsMM,video,0.680,1.03,equal-protection
When Does Life Begin? Personhood and Science,review,mIjz-rAzKGQ,Pro-Choicer Tries to LIE About Me to My FACE,https://www.youtube.com/watch?v=mIjz-rAzKGQ,video,0.660,0.83,capital-punishment-and-the-role-of-civil-governm
When Does Life Begin? Personhood and Science,review,tOi0H8UzcHI,"""Can I Slap You?"" Pro-Choicers Get Mad",https://www.youtube.com/watch?v=tOi0H8UzcHI,video,0.650,1.05,street-ministry
When Does Life Begin? Personhood and Science,review,80vl8mViRzM,College Student Actually Listens when Corrected by Historian,https://www.youtube.com/watch?v=80vl8mViRzM,video,0.640,1.23,history-of-abolition
When Does Life Begin? Personhood and Science,review,W7nk9up84N8,Thanos Wasn't Right...,https://www.youtube.com/shorts/W7nk9up84N8,short,0.630,1.76,quality-of-life
When Does Life Begin? Personhood and Science,review,FMXX4TP6GeE,You made a kid cry!,https://www.youtube.com/shorts/FMXX4TP6GeE,short,0.620,1.20,bodily-autonomy
When Does Life Begin? Personhood and Science,review,nEQHvuucT5k,That's ai!,https://www.youtube.com/shorts/nEQHvuucT5k,short,0.580,1.08,know-your-rights-free-speech-police-permits-and-
When Does Life Begin? Personhood and Science,review,nfQZFcbQxE8,That's just an assertion,https://www.youtube.com/shorts/nfQZFcbQxE8,short,0.560,1.68,personhood
When Does Life Begin? Personhood and Science,review,b9Q7CmvXsp4,Friendly fire,https://www.youtube.com/shorts/b9Q7CmvXsp4,short,0.560,2.00,what-about-answering-deflections-and-staying-on-
When Does Life Begin? Personhood and Science,review,hWoKxGIziJE,"""I don't judge people""",https://www.youtube.com/shorts/hWoKxGIziJE,short,0.550,0.88,why-every-human-has-value-image-of-god-and-objec
When Does Life Begin? Personhood and Science,review,AwBTQZI1Pp8,Telling People Who've Had Abortions the Truth,https://www.youtube.com/watch?v=AwBTQZI1Pp8,video,0.550,1.25,street-ministry
When Does Life Begin? Personhood and Science,review,ivjJPkrLV24,Using Extremes,https://www.youtube.com/shorts/ivjJPkrLV24,short,0.540,2.55,hard-cases
When Does Life Begin? Personhood and Science,review,nBQEepHLo78,You weren't listened to!,https://www.youtube.com/shorts/nBQEepHLo78,short,0.540,1.60,bodily-autonomy
When Does Life Begin? Personhood and Science,review,07pi_JNGdkQ,She ruined dinner,https://www.youtube.com/shorts/07pi_JNGdkQ,short,0.530,1.83,bodily-autonomy
When Does Life Begin? Personhood and Science,review,kAJ2OPFZEes,You all are creeps!,https://www.youtube.com/shorts/kAJ2OPFZEes,short,0.510,1.31,know-your-rights-free-speech-police-permits-and-
When Does Life Begin? Personhood and Science,review,zfJMriGQ5XQ,What was the argument??,https://www.youtube.com/shorts/zfJMriGQ5XQ,short,0.510,1.67,equal-protection
When Does Life Begin? Personhood and Science,review,kPJ5YOH1r3c,I'd sacrifice for myself,https://www.youtube.com/shorts/kPJ5YOH1r3c,short,0.510,2.18,quality-of-life
When Does Life Begin? Personhood and Science,review,lxQWR1OVuB4,Muh Bodily Autonomy,https://www.youtube.com/shorts/lxQWR1OVuB4,short,0.490,2.26,bodily-autonomy
When Does Life Begin? Personhood and Science,review,GX1C6z_s8Rw,It won't go well for you!,https://www.youtube.com/shorts/GX1C6z_s8Rw,short,0.480,0.58,what-about-answering-deflections-and-staying-on-
When Does Life Begin? Personhood and Science,review,Yi1WKH6jWmc,The golden rule,https://www.youtube.com/shorts/Yi1WKH6jWmc,short,0.470,2.35,hard-cases
When Does Life Begin? Personhood and Science,review,1nIixc2BLoM,A bigot on a ball,https://www.youtube.com/shorts/1nIixc2BLoM,short,0.460,1.23,what-about-answering-deflections-and-staying-on-
When Does Life Begin? Personhood and Science,review,e6LGwSxJyHY,What's the difference?,https://www.youtube.com/shorts/e6LGwSxJyHY,short,0.460,1.90,why-every-human-has-value-image-of-god-and-objec
When Does Life Begin? Personhood and Science,review,P9o4KbFAoQE,"That's just like, your opinion",https://www.youtube.com/shorts/P9o4KbFAoQE,short,0.440,1.45,moral-relativism
When Does Life Begin? Personhood and Science,review,4RbmC9tjnmo,Stop touching my sign,https://www.youtube.com/shorts/4RbmC9tjnmo,short,0.430,1.09,why-every-human-has-value-image-of-god-and-objec
When Does Life Begin? Personhood and Science,review,ca169-nNlJk,I wouldn't have remembered,https://www.youtube.com/shorts/ca169-nNlJk,short,0.420,2.41,why-every-human-has-value-image-of-god-and-objec
When Does Life Begin? Personhood and Science,review,ZZwnqh3fCVM,"Black Lives Matter, ja?",https://www.youtube.com/shorts/ZZwnqh3fCVM,short,0.420,0.97,what-about-answering-deflections-and-staying-on-
When Does Life Begin? Personhood and Science,review,YtUhfKzkr5c,The ulterior motives of a white knight,https://www.youtube.com/shorts/YtUhfKzkr5c,short,0.420,2.40,bodily-autonomy
When Does Life Begin? Personhood and Science,review,D2dA8iZVSLU,You are an antisemite!,https://www.youtube.com/shorts/D2dA8iZVSLU,short,0.400,1.48,what-about-answering-deflections-and-staying-on-
When Does Life Begin? Personhood and Science,review,QH7EOmYpfU0,You're not helping!,https://www.youtube.com/shorts/QH7EOmYpfU0,short,0.400,1.96,what-about-answering-deflections-and-staying-on-
When Does Life Begin? Personhood and Science,review,DjFsAGn7bSA,I've got a master's degree!,https://www.youtube.com/shorts/DjFsAGn7bSA,short,0.400,0.91,history-of-abolition
"The Hard Cases: Rape, Incest, and the Life of the Mother",include,W2GOQAmhlEU,Who gets punished?,https://www.youtube.com/shorts/W2GOQAmhlEU,short,0.950,2.77,hard-cases
"The Hard Cases: Rape, Incest, and the Life of the Mother",include,ivjJPkrLV24,Using Extremes,https://www.youtube.com/shorts/ivjJPkrLV24,short,0.940,2.55,hard-cases
"The Hard Cases: Rape, Incest, and the Life of the Mother",include,Yi1WKH6jWmc,The golden rule,https://www.youtube.com/shorts/Yi1WKH6jWmc,short,0.850,2.35,hard-cases
"The Hard Cases: Rape, Incest, and the Life of the Mother",include,j9-1TVtwKCM,It Doesn't Help,https://www.youtube.com/shorts/j9-1TVtwKCM,short,0.920,1.65,hard-cases
"The Hard Cases: Rape, Incest, and the Life of the Mother",include,EPs-406DMEE,Same Team!,https://www.youtube.com/shorts/EPs-406DMEE,short,0.850,1.91,hard-cases
"The Hard Cases: Rape, Incest, and the Life of the Mother",include,zn39vqmNIMU,The Gospel for Women After Abortion,https://www.youtube.com/watch?v=zn39vqmNIMU,video,0.810,1.15,church
"The Hard Cases: Rape, Incest, and the Life of the Mother",review,OzSIO1Gve7Q,In this economy!,https://www.youtube.com/shorts/OzSIO1Gve7Q,short,0.640,1.23,quality-of-life
"The Hard Cases: Rape, Incest, and the Life of the Mother",review,OAxjOsZh2O8,What can I take away from you?,https://www.youtube.com/shorts/OAxjOsZh2O8,short,0.630,1.41,bodily-autonomy
"The Hard Cases: Rape, Incest, and the Life of the Mother",review,ItVt-0WtcKE,"""SCIENCE"" is NOT on the Side of Abortion",https://www.youtube.com/watch?v=ItVt-0WtcKE,video,0.580,1.08,personhood
"The Hard Cases: Rape, Incest, and the Life of the Mother",review,IQnI9CRisyc,She's sticking to her story,https://www.youtube.com/shorts/IQnI9CRisyc,short,0.480,2.04,hard-cases
"The Hard Cases: Rape, Incest, and the Life of the Mother",review,a7j1hYLe3dQ,"""Your God is a Fairytale""",https://www.youtube.com/watch?v=a7j1hYLe3dQ,video,0.460,0.88,men-can-t-talk-about-abortion-answering-gender-b
"The Hard Cases: Rape, Incest, and the Life of the Mother",review,RnFr2hdZikg,Pro-Choice Social Worker CRASHES OUT,https://www.youtube.com/watch?v=RnFr2hdZikg,video,0.440,1.06,what-about-answering-deflections-and-staying-on-
"Unwanted, Poor, or Unready: Quality-of-Life Objections",include,ZbUASaMqki4,Over population,https://www.youtube.com/shorts/ZbUASaMqki4,short,0.830,2.32,quality-of-life
"Unwanted, Poor, or Unready: Quality-of-Life Objections",include,kPJ5YOH1r3c,I'd sacrifice for myself,https://www.youtube.com/shorts/kPJ5YOH1r3c,short,0.830,2.18,quality-of-life
"Unwanted, Poor, or Unready: Quality-of-Life Objections",include,t2JjrabkZr8,I foster!,https://www.youtube.com/shorts/t2JjrabkZr8,short,0.770,2.36,what-about-answering-deflections-and-staying-on-
"Unwanted, Poor, or Unready: Quality-of-Life Objections",include,0A0LENArGBE,Get off of our campus!,https://www.youtube.com/shorts/0A0LENArGBE,short,0.870,1.48,quality-of-life
"Unwanted, Poor, or Unready: Quality-of-Life Objections",include,rTwwtPFbQfM,“Men are Pigs!” Women HAVE to Abort Babies!,https://www.youtube.com/watch?v=rTwwtPFbQfM,video,0.890,1.28,men-can-t-talk-about-abortion-answering-gender-b
"Unwanted, Poor, or Unready: Quality-of-Life Objections",include,OzSIO1Gve7Q,In this economy!,https://www.youtube.com/shorts/OzSIO1Gve7Q,short,0.870,1.23,quality-of-life
"Unwanted, Poor, or Unready: Quality-of-Life Objections",include,W7nk9up84N8,Thanos Wasn't Right...,https://www.youtube.com/shorts/W7nk9up84N8,short,0.770,1.76,quality-of-life
"Unwanted, Poor, or Unready: Quality-of-Life Objections",include,Hm_COKf39s4,Hard Situation,https://www.youtube.com/shorts/Hm_COKf39s4,short,0.710,1.89,quality-of-life
"Unwanted, Poor, or Unready: Quality-of-Life Objections",include,CgrtYRlAcMA,Hypocrites,https://www.youtube.com/shorts/CgrtYRlAcMA,short,0.710,1.35,what-about-answering-deflections-and-staying-on-
"Unwanted, Poor, or Unready: Quality-of-Life Objections",include,131W86s78Jw,“I Would Murder My Child to Protect Them from Abuse”,https://www.youtube.com/watch?v=131W86s78Jw,video,0.780,0.91,quality-of-life
"Unwanted, Poor, or Unready: Quality-of-Life Objections",review,RnFr2hdZikg,Pro-Choice Social Worker CRASHES OUT,https://www.youtube.com/watch?v=RnFr2hdZikg,video,0.660,1.06,what-about-answering-deflections-and-staying-on-
"Unwanted, Poor, or Unready: Quality-of-Life Objections",review,W2GOQAmhlEU,Who gets punished?,https://www.youtube.com/shorts/W2GOQAmhlEU,short,0.620,2.77,hard-cases
"Unwanted, Poor, or Unready: Quality-of-Life Objections",review,AwBTQZI1Pp8,Telling People Who've Had Abortions the Truth,https://www.youtube.com/watch?v=AwBTQZI1Pp8,video,0.610,1.25,street-ministry
"Unwanted, Poor, or Unready: Quality-of-Life Objections",review,AmzTubK_3fQ,"""He's a Pedophile!!!"" Pro-Choicers Slander Christian",https://www.youtube.com/watch?v=AmzTubK_3fQ,video,0.580,0.91,pro-choice-christians
"Unwanted, Poor, or Unready: Quality-of-Life Objections",review,BDxeLAxX-6o,Irate Woman: No Man Can Tell Me Not To Murder!,https://www.youtube.com/watch?v=BDxeLAxX-6o,video,0.580,1.26,men-can-t-talk-about-abortion-answering-gender-b
"Unwanted, Poor, or Unready: Quality-of-Life Objections",review,rWfThCtRagE,Pro-Choicer Actually Listens After Running Out of Arguments,https://www.youtube.com/watch?v=rWfThCtRagE,video,0.560,1.14,personhood
"Unwanted, Poor, or Unready: Quality-of-Life Objections",review,QH7EOmYpfU0,You're not helping!,https://www.youtube.com/shorts/QH7EOmYpfU0,short,0.560,1.96,what-about-answering-deflections-and-staying-on-
"Unwanted, Poor, or Unready: Quality-of-Life Objections",review,Mf5Aogin8dk,We live in a first-world country,https://www.youtube.com/shorts/Mf5Aogin8dk,short,0.560,1.52,hard-cases
"Unwanted, Poor, or Unready: Quality-of-Life Objections",review,5sWH3wdQj8M,Proud Atheist Confused When Christian Agrees With Him,https://www.youtube.com/watch?v=5sWH3wdQj8M,video,0.460,1.23,bodily-autonomy
"Unwanted, Poor, or Unready: Quality-of-Life Objections",review,T635PmaiNmk,"We Got BANNED from the ""Freedom"" Trail",https://www.youtube.com/watch?v=T635PmaiNmk,video,0.440,1.03,know-your-rights-free-speech-police-permits-and-
"Unwanted, Poor, or Unready: Quality-of-Life Objections",review,ca169-nNlJk,I wouldn't have remembered,https://www.youtube.com/shorts/ca169-nNlJk,short,0.410,2.41,why-every-human-has-value-image-of-god-and-objec
Abolition vs. Pro-Life: Why Not Incrementalism?,include,m5rKCxja6n0,Abolitionism vs. Incrementalism DEBATE w/ Doug Wilson,https://www.youtube.com/watch?v=m5rKCxja6n0,video,0.950,1.40,abolition-vs-prolife
Abolition vs. Pro-Life: Why Not Incrementalism?,include,LKSCnG5s3SI,Does the Pro-Life Movement Hate Justice?,https://www.youtube.com/watch?v=LKSCnG5s3SI,video,0.890,1.14,abolition-vs-prolife
Abolition vs. Pro-Life: Why Not Incrementalism?,review,KUoczx0YsgQ,Apathetic College Girl Encounters Abolition,https://www.youtube.com/watch?v=KUoczx0YsgQ,video,0.590,1.27,equal-protection
Abolition vs. Pro-Life: Why Not Incrementalism?,review,JBgbolsbRnU,We have banned it!,https://www.youtube.com/shorts/JBgbolsbRnU,short,0.530,1.89,abolition-vs-prolife
Abolition vs. Pro-Life: Why Not Incrementalism?,review,yF9tu7DbQeA,Don't Be So Conservative,https://www.youtube.com/shorts/yF9tu7DbQeA,short,0.460,1.64,abolition-vs-prolife
Abolition vs. Pro-Life: Why Not Incrementalism?,review,ivjJPkrLV24,Using Extremes,https://www.youtube.com/shorts/ivjJPkrLV24,short,0.460,2.55,hard-cases
Abolition vs. Pro-Life: Why Not Incrementalism?,review,UM3VrTvSMbw,Boston Pro-Choicers Confronted by Hundreds of Abolitionists,https://www.youtube.com/watch?v=UM3VrTvSMbw,video,0.410,0.92,history-of-abolition
Equal Protection and Criminalizing Abortion,include,-0MWjoZQJok,I have done that..,https://www.youtube.com/shorts/-0MWjoZQJok,short,0.830,2.38,what-about-answering-deflections-and-staying-on-
Equal Protection and Criminalizing Abortion,include,b9Q7CmvXsp4,Friendly fire,https://www.youtube.com/shorts/b9Q7CmvXsp4,short,0.840,2.00,what-about-answering-deflections-and-staying-on-
Equal Protection and Criminalizing Abortion,include,zfJMriGQ5XQ,What was the argument??,https://www.youtube.com/shorts/zfJMriGQ5XQ,short,0.880,1.67,equal-protection
Equal Protection and Criminalizing Abortion,include,KUoczx0YsgQ,Apathetic College Girl Encounters Abolition,https://www.youtube.com/watch?v=KUoczx0YsgQ,video,0.940,1.27,equal-protection
Equal Protection and Criminalizing Abortion,include,kPJ5YOH1r3c,I'd sacrifice for myself,https://www.youtube.com/shorts/kPJ5YOH1r3c,short,0.770,2.18,quality-of-life
Equal Protection and Criminalizing Abortion,include,m5rKCxja6n0,Abolitionism vs. Incrementalism DEBATE w/ Doug Wilson,https://www.youtube.com/watch?v=m5rKCxja6n0,video,0.830,1.40,abolition-vs-prolife
Equal Protection and Criminalizing Abortion,include,ScoxVxE893Y,He knew this was dumb,https://www.youtube.com/shorts/ScoxVxE893Y,short,0.700,2.20,capital-punishment-and-the-role-of-civil-governm
Equal Protection and Criminalizing Abortion,include,RnFr2hdZikg,Pro-Choice Social Worker CRASHES OUT,https://www.youtube.com/watch?v=RnFr2hdZikg,video,0.870,1.06,what-about-answering-deflections-and-staying-on-
Equal Protection and Criminalizing Abortion,include,NDfpiIEZfnw,You want Sharia law,https://www.youtube.com/shorts/NDfpiIEZfnw,short,0.840,1.12,equal-protection
Equal Protection and Criminalizing Abortion,include,eH2ZftGspsc,Should the strong protect the weak?,https://www.youtube.com/shorts/eH2ZftGspsc,short,0.700,1.80,personhood
Equal Protection and Criminalizing Abortion,include,80vl8mViRzM,College Student Actually Listens when Corrected by Historian,https://www.youtube.com/watch?v=80vl8mViRzM,video,0.780,1.23,history-of-abolition
Equal Protection and Criminalizing Abortion,include,iKWq2bqWfjo,Pro-Aborts ATTACK When They Can't Debate,https://www.youtube.com/watch?v=iKWq2bqWfjo,video,0.800,1.10,history-of-abolition
Equal Protection and Criminalizing Abortion,include,CgrtYRlAcMA,Hypocrites,https://www.youtube.com/shorts/CgrtYRlAcMA,short,0.750,1.35,what-about-answering-deflections-and-staying-on-
Equal Protection and Criminalizing Abortion,include,mIjz-rAzKGQ,Pro-Choicer Tries to LIE About Me to My FACE,https://www.youtube.com/watch?v=mIjz-rAzKGQ,video,0.850,0.83,capital-punishment-and-the-role-of-civil-governm
Equal Protection and Criminalizing Abortion,include,OAxjOsZh2O8,What can I take away from you?,https://www.youtube.com/shorts/OAxjOsZh2O8,short,0.720,1.41,bodily-autonomy
Equal Protection and Criminalizing Abortion,include,a7j1hYLe3dQ,"""Your God is a Fairytale""",https://www.youtube.com/watch?v=a7j1hYLe3dQ,video,0.730,0.88,men-can-t-talk-about-abortion-answering-gender-b
Equal Protection and Criminalizing Abortion,review,5WY2ouZt9iA,Are they a human?,https://www.youtube.com/shorts/5WY2ouZt9iA,short,0.650,2.22,personhood
Equal Protection and Criminalizing Abortion,review,sTbtdokaRX0,“You’re a White Man!” You can’t talk about that!,https://www.youtube.com/watch?v=sTbtdokaRX0,video,0.640,1.11,men-can-t-talk-about-abortion-answering-gender-b
Equal Protection and Criminalizing Abortion,review,YtUhfKzkr5c,The ulterior motives of a white knight,https://www.youtube.com/shorts/YtUhfKzkr5c,short,0.640,2.40,bodily-autonomy
Equal Protection and Criminalizing Abortion,review,ZZwnqh3fCVM,"Black Lives Matter, ja?",https://www.youtube.com/shorts/ZZwnqh3fCVM,short,0.630,0.97,what-about-answering-deflections-and-staying-on-
Equal Protection and Criminalizing Abortion,review,zlX2MZ9Y-9s,I Told a Trans Activist that She's Not Oppressed,https://www.youtube.com/watch?v=zlX2MZ9Y-9s,video,0.630,0.82,personhood
Equal Protection and Criminalizing Abortion,review,B3bvA29f6dQ,Y'all did this to us!,https://www.youtube.com/shorts/B3bvA29f6dQ,short,0.610,1.27,men-can-t-talk-about-abortion-answering-gender-b
Equal Protection and Criminalizing Abortion,review,79SYBXPtsMM,Cocky Woman Gives Up After Her Arguments Crumble,https://www.youtube.com/watch?v=79SYBXPtsMM,video,0.600,1.03,equal-protection
Equal Protection and Criminalizing Abortion,review,QH7EOmYpfU0,You're not helping!,https://www.youtube.com/shorts/QH7EOmYpfU0,short,0.590,1.96,what-about-answering-deflections-and-staying-on-
Equal Protection and Criminalizing Abortion,review,SubSMaiG2uM,He was so confused,https://www.youtube.com/shorts/SubSMaiG2uM,short,0.560,1.50,equal-protection
Equal Protection and Criminalizing Abortion,review,5BFPIDsqUDw,2 HOURS of Atheism Being Dismantled (UNCUT),https://www.youtube.com/watch?v=5BFPIDsqUDw,video,0.530,0.98,why-every-human-has-value-image-of-god-and-objec
Equal Protection and Criminalizing Abortion,review,5sWH3wdQj8M,Proud Atheist Confused When Christian Agrees With Him,https://www.youtube.com/watch?v=5sWH3wdQj8M,video,0.520,1.23,bodily-autonomy
Equal Protection and Criminalizing Abortion,review,131W86s78Jw,“I Would Murder My Child to Protect Them from Abuse”,https://www.youtube.com/watch?v=131W86s78Jw,video,0.520,0.91,quality-of-life
Equal Protection and Criminalizing Abortion,review,uZX0CsCASPg,They have free will!,https://www.youtube.com/shorts/uZX0CsCASPg,short,0.520,1.95,capital-punishment-and-the-role-of-civil-governm
Equal Protection and Criminalizing Abortion,review,yxVrgcnGOew,Pretending not to understand,https://www.youtube.com/shorts/yxVrgcnGOew,short,0.500,1.97,what-about-answering-deflections-and-staying-on-
Equal Protection and Criminalizing Abortion,review,BDxeLAxX-6o,Irate Woman: No Man Can Tell Me Not To Murder!,https://www.youtube.com/watch?v=BDxeLAxX-6o,video,0.500,1.26,men-can-t-talk-about-abortion-answering-gender-b
Equal Protection and Criminalizing Abortion,review,W2GOQAmhlEU,Who gets punished?,https://www.youtube.com/shorts/W2GOQAmhlEU,short,0.490,2.77,hard-cases
Equal Protection and Criminalizing Abortion,review,CM1v0DMBtqk,College Kid Fails to Follow Basic Reasoning,https://www.youtube.com/watch?v=CM1v0DMBtqk,video,0.480,0.92,moral-relativism
Equal Protection and Criminalizing Abortion,review,rWfThCtRagE,Pro-Choicer Actually Listens After Running Out of Arguments,https://www.youtube.com/watch?v=rWfThCtRagE,video,0.460,1.14,personhood
Equal Protection and Criminalizing Abortion,review,D2dA8iZVSLU,You are an antisemite!,https://www.youtube.com/shorts/D2dA8iZVSLU,short,0.450,1.48,what-about-answering-deflections-and-staying-on-
Equal Protection and Criminalizing Abortion,review,THF5PDcxX6M,"Pro-Choicers Openly Admit They Don't Believe in ""Human Rights""",https://www.youtube.com/watch?v=THF5PDcxX6M,video,0.450,1.09,personhood
Equal Protection and Criminalizing Abortion,review,j9-1TVtwKCM,It Doesn't Help,https://www.youtube.com/shorts/j9-1TVtwKCM,short,0.440,1.65,hard-cases
Equal Protection and Criminalizing Abortion,review,Yi1WKH6jWmc,The golden rule,https://www.youtube.com/shorts/Yi1WKH6jWmc,short,0.430,2.35,hard-cases
Equal Protection and Criminalizing Abortion,review,UM3VrTvSMbw,Boston Pro-Choicers Confronted by Hundreds of Abolitionists,https://www.youtube.com/watch?v=UM3VrTvSMbw,video,0.430,0.92,history-of-abolition
Equal Protection and Criminalizing Abortion,review,t2JjrabkZr8,I foster!,https://www.youtube.com/shorts/t2JjrabkZr8,short,0.420,2.36,what-about-answering-deflections-and-staying-on-
Equal Protection and Criminalizing Abortion,review,Q8g59iRiH9I,"""It's not living"" refuted",https://www.youtube.com/shorts/Q8g59iRiH9I,short,0.420,2.50,personhood
Equal Protection and Criminalizing Abortion,review,66V17qT4WTo,"""Stop Mansplaining!!"" Abortion Loving Students Can't Handle Debate",https://www.youtube.com/watch?v=66V17qT4WTo,video,0.400,1.15,personhood
Equal Protection and Criminalizing Abortion,review,tU37ITiGX4w,Too close,https://www.youtube.com/shorts/tU37ITiGX4w,short,0.400,1.13,personhood
The Church and Abortion: Repentance and the Gospel,include,wME441Iappk,You've got to go!,https://www.youtube.com/shorts/wME441Iappk,short,0.790,1.40,know-your-rights-free-speech-police-permits-and-
The Church and Abortion: Repentance and the Gospel,include,UM3VrTvSMbw,Boston Pro-Choicers Confronted by Hundreds of Abolitionists,https://www.youtube.com/watch?v=UM3VrTvSMbw,video,0.860,0.92,history-of-abolition
The Church and Abortion: Repentance and the Gospel,include,AwBTQZI1Pp8,Telling People Who've Had Abortions the Truth,https://www.youtube.com/watch?v=AwBTQZI1Pp8,video,0.780,1.25,street-ministry
The Church and Abortion: Repentance and the Gospel,include,sGxA_pLnKa4,Catholic School Debate Teacher Defends Abortion,https://www.youtube.com/watch?v=sGxA_pLnKa4,video,0.820,0.83,church
The Church and Abortion: Repentance and the Gospel,include,d9nFDzQXc8Y,Am I Talking to a Fake Christian?,https://www.youtube.com/watch?v=d9nFDzQXc8Y,video,0.760,1.11,pro-choice-christians
The Church and Abortion: Repentance and the Gospel,review,GEjQ5vKquTU,Who abolished slavery?,https://www.youtube.com/shorts/GEjQ5vKquTU,short,0.690,0.75,history-of-abolition
The Church and Abortion: Repentance and the Gospel,review,kSEl0k1gg60,Left me hanging,https://www.youtube.com/shorts/kSEl0k1gg60,short,0.650,1.70,street-ministry
The Church and Abortion: Repentance and the Gospel,review,ipm9zV2iCLc,It's Free In Scotland!,https://www.youtube.com/shorts/ipm9zV2iCLc,short,0.600,1.87,church
The Church and Abortion: Repentance and the Gospel,review,m5rKCxja6n0,Abolitionism vs. Incrementalism DEBATE w/ Doug Wilson,https://www.youtube.com/watch?v=m5rKCxja6n0,video,0.600,1.40,abolition-vs-prolife
The Church and Abortion: Repentance and the Gospel,review,qOjC_2KgkG8,Meet me in the alley!,https://www.youtube.com/shorts/qOjC_2KgkG8,short,0.550,1.34,street-ministry
The Church and Abortion: Repentance and the Gospel,review,tOi0H8UzcHI,"""Can I Slap You?"" Pro-Choicers Get Mad",https://www.youtube.com/watch?v=tOi0H8UzcHI,video,0.540,1.05,street-ministry
The Church and Abortion: Repentance and the Gospel,review,RcsIoJF4zo0,Who won?,https://www.youtube.com/shorts/RcsIoJF4zo0,short,0.540,0.66,street-ministry
The Church and Abortion: Repentance and the Gospel,review,rTwwtPFbQfM,“Men are Pigs!” Women HAVE to Abort Babies!,https://www.youtube.com/watch?v=rTwwtPFbQfM,video,0.530,1.28,men-can-t-talk-about-abortion-answering-gender-b
The Church and Abortion: Repentance and the Gospel,review,x2damGBZ8MU,"All are welcome, except you",https://www.youtube.com/shorts/x2damGBZ8MU,short,0.520,1.53,street-ministry
The Church and Abortion: Repentance and the Gospel,review,zn39vqmNIMU,The Gospel for Women After Abortion,https://www.youtube.com/watch?v=zn39vqmNIMU,video,0.520,1.15,church
The Church and Abortion: Repentance and the Gospel,review,P9o4KbFAoQE,"That's just like, your opinion",https://www.youtube.com/shorts/P9o4KbFAoQE,short,0.500,1.45,moral-relativism
The Church and Abortion: Repentance and the Gospel,review,yF9tu7DbQeA,Don't Be So Conservative,https://www.youtube.com/shorts/yF9tu7DbQeA,short,0.490,1.64,abolition-vs-prolife
The Church and Abortion: Repentance and the Gospel,review,CM1v0DMBtqk,College Kid Fails to Follow Basic Reasoning,https://www.youtube.com/watch?v=CM1v0DMBtqk,video,0.490,0.92,moral-relativism
The Church and Abortion: Repentance and the Gospel,review,kE0R4UIsgU0,Mean girls,https://www.youtube.com/shorts/kE0R4UIsgU0,short,0.470,1.97,pro-choice-christians
The Church and Abortion: Repentance and the Gospel,review,6NUW_TMnoRY,Boston Needs God,https://www.youtube.com/shorts/6NUW_TMnoRY,short,0.450,1.61,history-of-abolition
The Church and Abortion: Repentance and the Gospel,review,o2E4aEss4-k,"""You Got Me FIRED!!"" Crazy Professor Wants Revenge",https://www.youtube.com/watch?v=o2E4aEss4-k,video,0.440,0.89,know-your-rights-free-speech-police-permits-and-
The Church and Abortion: Repentance and the Gospel,review,a7j1hYLe3dQ,"""Your God is a Fairytale""",https://www.youtube.com/watch?v=a7j1hYLe3dQ,video,0.420,0.88,men-can-t-talk-about-abortion-answering-gender-b
The Church and Abortion: Repentance and the Gospel,review,K063Lr77DGc,You should leave!,https://www.youtube.com/shorts/K063Lr77DGc,short,0.420,0.62,men-can-t-talk-about-abortion-answering-gender-b
The Church and Abortion: Repentance and the Gospel,review,D2dA8iZVSLU,You are an antisemite!,https://www.youtube.com/shorts/D2dA8iZVSLU,short,0.400,1.48,what-about-answering-deflections-and-staying-on-
The Church and Abortion: Repentance and the Gospel,review,tWwOVxJGE3c,You don't like humans,https://www.youtube.com/shorts/tWwOVxJGE3c,short,0.400,1.13,why-every-human-has-value-image-of-god-and-objec
Answering Pro-Choice Christians and Religious Objections,include,XzezMrNI7fI,The church fathers aren't with you,https://www.youtube.com/shorts/XzezMrNI7fI,short,0.830,2.69,pro-choice-christians
Answering Pro-Choice Christians and Religious Objections,include,Yi1WKH6jWmc,The golden rule,https://www.youtube.com/shorts/Yi1WKH6jWmc,short,0.810,2.35,hard-cases
Answering Pro-Choice Christians and Religious Objections,include,kE0R4UIsgU0,Mean girls,https://www.youtube.com/shorts/kE0R4UIsgU0,short,0.820,1.97,pro-choice-christians
Answering Pro-Choice Christians and Religious Objections,include,ca169-nNlJk,I wouldn't have remembered,https://www.youtube.com/shorts/ca169-nNlJk,short,0.740,2.41,why-every-human-has-value-image-of-god-and-objec
Answering Pro-Choice Christians and Religious Objections,include,d9nFDzQXc8Y,Am I Talking to a Fake Christian?,https://www.youtube.com/watch?v=d9nFDzQXc8Y,video,0.940,1.11,pro-choice-christians
Answering Pro-Choice Christians and Religious Objections,include,092SlCLkL7w,"""You're Being Fools!"" Pro-Choice Student Embarrassed by His Side",https://www.youtube.com/watch?v=092SlCLkL7w,video,0.840,1.01,pro-choice-christians
Answering Pro-Choice Christians and Religious Objections,include,P9o4KbFAoQE,"That's just like, your opinion",https://www.youtube.com/shorts/P9o4KbFAoQE,short,0.750,1.45,moral-relativism
Answering Pro-Choice Christians and Religious Objections,include,AmzTubK_3fQ,"""He's a Pedophile!!!"" Pro-Choicers Slander Christian",https://www.youtube.com/watch?v=AmzTubK_3fQ,video,0.770,0.91,pro-choice-christians
Answering Pro-Choice Christians and Religious Objections,include,a7j1hYLe3dQ,"""Your God is a Fairytale""",https://www.youtube.com/watch?v=a7j1hYLe3dQ,video,0.760,0.88,men-can-t-talk-about-abortion-answering-gender-b
Answering Pro-Choice Christians and Religious Objections,include,sGxA_pLnKa4,Catholic School Debate Teacher Defends Abortion,https://www.youtube.com/watch?v=sGxA_pLnKa4,video,0.760,0.83,church
Answering Pro-Choice Christians and Religious Objections,review,NDfpiIEZfnw,You want Sharia law,https://www.youtube.com/shorts/NDfpiIEZfnw,short,0.690,1.12,equal-protection
Answering Pro-Choice Christians and Religious Objections,review,mIjz-rAzKGQ,Pro-Choicer Tries to LIE About Me to My FACE,https://www.youtube.com/watch?v=mIjz-rAzKGQ,video,0.680,0.83,capital-punishment-and-the-role-of-civil-governm
Answering Pro-Choice Christians and Religious Objections,review,FgYSDrZ2hkM,Interrupter doesn't like interruption,https://www.youtube.com/shorts/FgYSDrZ2hkM,short,0.680,0.86,pro-choice-christians
Answering Pro-Choice Christians and Religious Objections,review,4RbmC9tjnmo,Stop touching my sign,https://www.youtube.com/shorts/4RbmC9tjnmo,short,0.680,1.09,why-every-human-has-value-image-of-god-and-objec
Answering Pro-Choice Christians and Religious Objections,review,D2dA8iZVSLU,You are an antisemite!,https://www.youtube.com/shorts/D2dA8iZVSLU,short,0.650,1.48,what-about-answering-deflections-and-staying-on-
Answering Pro-Choice Christians and Religious Objections,review,0vXgLYrZgmQ,Condescending Woman Tries to Run Me Out of Town,https://www.youtube.com/watch?v=0vXgLYrZgmQ,video,0.590,1.09,personhood
Answering Pro-Choice Christians and Religious Objections,review,GEjQ5vKquTU,Who abolished slavery?,https://www.youtube.com/shorts/GEjQ5vKquTU,short,0.570,0.75,history-of-abolition
Answering Pro-Choice Christians and Religious Objections,review,lxQWR1OVuB4,Muh Bodily Autonomy,https://www.youtube.com/shorts/lxQWR1OVuB4,short,0.570,2.26,bodily-autonomy
Answering Pro-Choice Christians and Religious Objections,review,Ye8zgZDtNoc,Where is that?,https://www.youtube.com/shorts/Ye8zgZDtNoc,short,0.560,1.55,what-about-answering-deflections-and-staying-on-
Answering Pro-Choice Christians and Religious Objections,review,uZX0CsCASPg,They have free will!,https://www.youtube.com/shorts/uZX0CsCASPg,short,0.550,1.95,capital-punishment-and-the-role-of-civil-governm
Answering Pro-Choice Christians and Religious Objections,review,pAM04k0A86s,Too close!,https://www.youtube.com/shorts/pAM04k0A86s,short,0.530,1.76,street-ministry
Answering Pro-Choice Christians and Religious Objections,review,AwBTQZI1Pp8,Telling People Who've Had Abortions the Truth,https://www.youtube.com/watch?v=AwBTQZI1Pp8,video,0.530,1.25,street-ministry
Answering Pro-Choice Christians and Religious Objections,review,tOi0H8UzcHI,"""Can I Slap You?"" Pro-Choicers Get Mad",https://www.youtube.com/watch?v=tOi0H8UzcHI,video,0.520,1.05,street-ministry
Answering Pro-Choice Christians and Religious Objections,review,YymkPJDaR6s,Don't engage!,https://www.youtube.com/shorts/YymkPJDaR6s,short,0.490,1.83,what-about-answering-deflections-and-staying-on-
Answering Pro-Choice Christians and Religious Objections,review,RcsIoJF4zo0,Who won?,https://www.youtube.com/shorts/RcsIoJF4zo0,short,0.490,0.66,street-ministry
Answering Pro-Choice Christians and Religious Objections,review,CM1v0DMBtqk,College Kid Fails to Follow Basic Reasoning,https://www.youtube.com/watch?v=CM1v0DMBtqk,video,0.420,0.92,moral-relativism
Answering Pro-Choice Christians and Religious Objections,review,LKSCnG5s3SI,Does the Pro-Life Movement Hate Justice?,https://www.youtube.com/watch?v=LKSCnG5s3SI,video,0.420,1.14,abolition-vs-prolife
Answering Pro-Choice Christians and Religious Objections,review,ZbUASaMqki4,Over population,https://www.youtube.com/shorts/ZbUASaMqki4,short,0.410,2.32,quality-of-life
"Lessons from History: Slavery, Wilberforce, and Injustice",include,3Eurqr-KoFo,Saw it coming...,https://www.youtube.com/shorts/3Eurqr-KoFo,short,0.880,2.13,history-of-abolition
"Lessons from History: Slavery, Wilberforce, and Injustice",include,6NUW_TMnoRY,Boston Needs God,https://www.youtube.com/shorts/6NUW_TMnoRY,short,0.760,1.61,history-of-abolition
"Lessons from History: Slavery, Wilberforce, and Injustice",include,80vl8mViRzM,College Student Actually Listens when Corrected by Historian,https://www.youtube.com/watch?v=80vl8mViRzM,video,0.790,1.23,history-of-abolition
"Lessons from History: Slavery, Wilberforce, and Injustice",review,sTbtdokaRX0,“You’re a White Man!” You can’t talk about that!,https://www.youtube.com/watch?v=sTbtdokaRX0,video,0.690,1.11,men-can-t-talk-about-abortion-answering-gender-b
"Lessons from History: Slavery, Wilberforce, and Injustice",review,fY4BkZObfYY,Get the white people!,https://www.youtube.com/shorts/fY4BkZObfYY,short,0.670,1.70,history-of-abolition
"Lessons from History: Slavery, Wilberforce, and Injustice",review,UM3VrTvSMbw,Boston Pro-Choicers Confronted by Hundreds of Abolitionists,https://www.youtube.com/watch?v=UM3VrTvSMbw,video,0.660,0.92,history-of-abolition
"Lessons from History: Slavery, Wilberforce, and Injustice",review,TZEXcjdKFOc,What No One Else Will Tell You About Lincoln or Trump,https://www.youtube.com/watch?v=TZEXcjdKFOc,video,0.620,0.90,history-of-abolition
"Lessons from History: Slavery, Wilberforce, and Injustice",review,GEjQ5vKquTU,Who abolished slavery?,https://www.youtube.com/shorts/GEjQ5vKquTU,short,0.590,0.75,history-of-abolition
"Lessons from History: Slavery, Wilberforce, and Injustice",review,NEg2OLACkeY,They kept following us,https://www.youtube.com/shorts/NEg2OLACkeY,short,0.590,1.14,history-of-abolition
"Lessons from History: Slavery, Wilberforce, and Injustice",review,e6cr3qMF510,We're not doing this,https://www.youtube.com/shorts/e6cr3qMF510,short,0.550,2.44,history-of-abolition
"Lessons from History: Slavery, Wilberforce, and Injustice",review,lu26huMetBw,It's the same logic,https://www.youtube.com/shorts/lu26huMetBw,short,0.550,2.06,history-of-abolition
"Lessons from History: Slavery, Wilberforce, and Injustice",review,B3bvA29f6dQ,Y'all did this to us!,https://www.youtube.com/shorts/B3bvA29f6dQ,short,0.510,1.27,men-can-t-talk-about-abortion-answering-gender-b
"Lessons from History: Slavery, Wilberforce, and Injustice",review,6aKcBPprdOk,They're antagonizers!,https://www.youtube.com/shorts/6aKcBPprdOk,short,0.500,0.86,know-your-rights-free-speech-police-permits-and-
"Lessons from History: Slavery, Wilberforce, and Injustice",review,iKWq2bqWfjo,Pro-Aborts ATTACK When They Can't Debate,https://www.youtube.com/watch?v=iKWq2bqWfjo,video,0.480,1.10,history-of-abolition
"Lessons from History: Slavery, Wilberforce, and Injustice",review,BDxeLAxX-6o,Irate Woman: No Man Can Tell Me Not To Murder!,https://www.youtube.com/watch?v=BDxeLAxX-6o,video,0.480,1.26,men-can-t-talk-about-abortion-answering-gender-b
"Lessons from History: Slavery, Wilberforce, and Injustice",review,Yy_r5Vw6GIk,"She's got a ""run away"" ethos",https://www.youtube.com/shorts/Yy_r5Vw6GIk,short,0.480,2.21,history-of-abolition
"Lessons from History: Slavery, Wilberforce, and Injustice",review,5BFPIDsqUDw,2 HOURS of Atheism Being Dismantled (UNCUT),https://www.youtube.com/watch?v=5BFPIDsqUDw,video,0.450,0.98,why-every-human-has-value-image-of-god-and-objec
"Lessons from History: Slavery, Wilberforce, and Injustice",review,KUoczx0YsgQ,Apathetic College Girl Encounters Abolition,https://www.youtube.com/watch?v=KUoczx0YsgQ,video,0.440,1.27,equal-protection
"Lessons from History: Slavery, Wilberforce, and Injustice",review,mIjz-rAzKGQ,Pro-Choicer Tries to LIE About Me to My FACE,https://www.youtube.com/watch?v=mIjz-rAzKGQ,video,0.430,0.83,capital-punishment-and-the-role-of-civil-governm
"Lessons from History: Slavery, Wilberforce, and Injustice",review,FfdiwPQPf14,Pro-Abortion Girl Caught LYING! Loses Debate,https://www.youtube.com/watch?v=FfdiwPQPf14,video,0.410,1.19,personhood
"Lessons from History: Slavery, Wilberforce, and Injustice",review,0vXgLYrZgmQ,Condescending Woman Tries to Run Me Out of Town,https://www.youtube.com/watch?v=0vXgLYrZgmQ,video,0.400,1.09,personhood
How to Have These Conversations: Street Ministry in Action,include,Un8wEgh-Kqw,You've gotta leave!,https://www.youtube.com/shorts/Un8wEgh-Kqw,short,0.780,1.73,know-your-rights-free-speech-police-permits-and-
How to Have These Conversations: Street Ministry in Action,include,pAM04k0A86s,Too close!,https://www.youtube.com/shorts/pAM04k0A86s,short,0.740,1.76,street-ministry
How to Have These Conversations: Street Ministry in Action,include,kSEl0k1gg60,Left me hanging,https://www.youtube.com/shorts/kSEl0k1gg60,short,0.700,1.70,street-ministry
How to Have These Conversations: Street Ministry in Action,include,AwBTQZI1Pp8,Telling People Who've Had Abortions the Truth,https://www.youtube.com/watch?v=AwBTQZI1Pp8,video,0.760,1.25,street-ministry
How to Have These Conversations: Street Ministry in Action,include,-4sr7YOF_lE,I'm calling the cops!,https://www.youtube.com/shorts/-4sr7YOF_lE,short,0.750,1.24,know-your-rights-free-speech-police-permits-and-
How to Have These Conversations: Street Ministry in Action,include,ooQWYcrT9_c,That's a fake wedding ring!,https://www.youtube.com/shorts/ooQWYcrT9_c,short,0.750,1.14,street-ministry
How to Have These Conversations: Street Ministry in Action,include,qOjC_2KgkG8,Meet me in the alley!,https://www.youtube.com/shorts/qOjC_2KgkG8,short,0.700,1.34,street-ministry
How to Have These Conversations: Street Ministry in Action,include,IHR66QXMZhA,You people aren't genuine,https://www.youtube.com/shorts/IHR66QXMZhA,short,0.760,0.87,what-about-answering-deflections-and-staying-on-
How to Have These Conversations: Street Ministry in Action,include,o2E4aEss4-k,"""You Got Me FIRED!!"" Crazy Professor Wants Revenge",https://www.youtube.com/watch?v=o2E4aEss4-k,video,0.740,0.89,know-your-rights-free-speech-police-permits-and-
How to Have These Conversations: Street Ministry in Action,include,mOldr9FmsIw,GET OUT OF BOSTON!,https://www.youtube.com/shorts/mOldr9FmsIw,short,0.790,0.63,street-ministry
How to Have These Conversations: Street Ministry in Action,include,5n6pSHwec0Q,These guys are creepy!,https://www.youtube.com/shorts/5n6pSHwec0Q,short,0.710,0.69,know-your-rights-free-speech-police-permits-and-
How to Have These Conversations: Street Ministry in Action,include,REvjDV7s-gA,Prideful Place,https://www.youtube.com/shorts/REvjDV7s-gA,short,0.700,0.73,street-ministry
How to Have These Conversations: Street Ministry in Action,include,0l7eQYKezy4,Clever wordplay,https://www.youtube.com/shorts/0l7eQYKezy4,short,0.700,0.65,what-about-answering-deflections-and-staying-on-
How to Have These Conversations: Street Ministry in Action,include,hd9fuXujpgU,If projection were a person,https://www.youtube.com/shorts/hd9fuXujpgU,short,0.710,0.16,street-ministry
How to Have These Conversations: Street Ministry in Action,review,lsphT9bgoqw,I'm gonna hex you!,https://www.youtube.com/shorts/lsphT9bgoqw,short,0.690,1.30,street-ministry
How to Have These Conversations: Street Ministry in Action,review,3epBYAU6yss,Judgmental and mean!,https://www.youtube.com/shorts/3epBYAU6yss,short,0.680,1.59,street-ministry
How to Have These Conversations: Street Ministry in Action,review,VDRgE1O9rK0,That is deceitful!,https://www.youtube.com/shorts/VDRgE1O9rK0,short,0.670,1.13,know-your-rights-free-speech-police-permits-and-
How to Have These Conversations: Street Ministry in Action,review,hOOmmpNPVJ4,Respectful Restaurant Owner,https://www.youtube.com/shorts/hOOmmpNPVJ4,short,0.670,0.53,know-your-rights-free-speech-police-permits-and-
How to Have These Conversations: Street Ministry in Action,review,b8QggOsVP_8,Watch your step,https://www.youtube.com/shorts/b8QggOsVP_8,short,0.660,0.75,street-ministry
How to Have These Conversations: Street Ministry in Action,review,zcqFgS_MbHA,I Got Punched in the Face...,https://www.youtube.com/watch?v=zcqFgS_MbHA,video,0.650,1.05,know-your-rights-free-speech-police-permits-and-
How to Have These Conversations: Street Ministry in Action,review,j5aataEPToQ,Perfect timing,https://www.youtube.com/shorts/j5aataEPToQ,short,0.640,2.00,men-can-t-talk-about-abortion-answering-gender-b
How to Have These Conversations: Street Ministry in Action,review,RXvKBVA3vyQ,Stay and talk,https://www.youtube.com/shorts/RXvKBVA3vyQ,short,0.620,1.29,bodily-autonomy
How to Have These Conversations: Street Ministry in Action,review,YymkPJDaR6s,Don't engage!,https://www.youtube.com/shorts/YymkPJDaR6s,short,0.620,1.83,what-about-answering-deflections-and-staying-on-
How to Have These Conversations: Street Ministry in Action,review,kAJ2OPFZEes,You all are creeps!,https://www.youtube.com/shorts/kAJ2OPFZEes,short,0.610,1.31,know-your-rights-free-speech-police-permits-and-
How to Have These Conversations: Street Ministry in Action,review,9sqhZHgKSuo,He actually tried to hide😂,https://www.youtube.com/shorts/9sqhZHgKSuo,short,0.610,0.94,what-about-answering-deflections-and-staying-on-
How to Have These Conversations: Street Ministry in Action,review,O9y3oMkW4OU,Remember me?,https://www.youtube.com/shorts/O9y3oMkW4OU,short,0.610,1.21,men-can-t-talk-about-abortion-answering-gender-b
How to Have These Conversations: Street Ministry in Action,review,Yy_r5Vw6GIk,"She's got a ""run away"" ethos",https://www.youtube.com/shorts/Yy_r5Vw6GIk,short,0.600,2.21,history-of-abolition
How to Have These Conversations: Street Ministry in Action,review,FnHPznaMOwk,He caught himself,https://www.youtube.com/shorts/FnHPznaMOwk,short,0.590,1.33,street-ministry
How to Have These Conversations: Street Ministry in Action,review,XfjRZ5HIHgk,The clowns are against us,https://www.youtube.com/shorts/XfjRZ5HIHgk,short,0.550,1.59,street-ministry
How to Have These Conversations: Street Ministry in Action,review,nypLoPRkoD8,Angry Pro-Choicers Get Aggressive,https://www.youtube.com/watch?v=nypLoPRkoD8,video,0.520,1.05,know-your-rights-free-speech-police-permits-and-
How to Have These Conversations: Street Ministry in Action,review,nfQZFcbQxE8,That's just an assertion,https://www.youtube.com/shorts/nfQZFcbQxE8,short,0.510,1.68,personhood
How to Have These Conversations: Street Ministry in Action,review,T635PmaiNmk,"We Got BANNED from the ""Freedom"" Trail",https://www.youtube.com/watch?v=T635PmaiNmk,video,0.490,1.03,know-your-rights-free-speech-police-permits-and-
How to Have These Conversations: Street Ministry in Action,review,x2damGBZ8MU,"All are welcome, except you",https://www.youtube.com/shorts/x2damGBZ8MU,short,0.480,1.53,street-ministry
How to Have These Conversations: Street Ministry in Action,review,sl4CtDkeKA8,I smelled it,https://www.youtube.com/shorts/sl4CtDkeKA8,short,0.470,0.91,men-can-t-talk-about-abortion-answering-gender-b
How to Have These Conversations: Street Ministry in Action,review,MckFKYS76m4,"""Free Speech Zones"" are Dumb",https://www.youtube.com/watch?v=MckFKYS76m4,video,0.470,1.09,know-your-rights-free-speech-police-permits-and-
How to Have These Conversations: Street Ministry in Action,review,J8u9_sktvp0,No shelves to put things on,https://www.youtube.com/shorts/J8u9_sktvp0,short,0.460,1.22,street-ministry
How to Have These Conversations: Street Ministry in Action,review,sf_UrPDfgCI,Chill out,https://www.youtube.com/shorts/sf_UrPDfgCI,short,0.460,1.20,street-ministry
How to Have These Conversations: Street Ministry in Action,review,0A0LENArGBE,Get off of our campus!,https://www.youtube.com/shorts/0A0LENArGBE,short,0.440,1.48,quality-of-life
How to Have These Conversations: Street Ministry in Action,review,uxiodiMfKlI,They're filming!,https://www.youtube.com/shorts/uxiodiMfKlI,short,0.440,1.08,know-your-rights-free-speech-police-permits-and-
How to Have These Conversations: Street Ministry in Action,review,eriL31ge4FQ,Just leave,https://www.youtube.com/shorts/eriL31ge4FQ,short,0.430,1.03,know-your-rights-free-speech-police-permits-and-
How to Have These Conversations: Street Ministry in Action,review,79SYBXPtsMM,Cocky Woman Gives Up After Her Arguments Crumble,https://www.youtube.com/watch?v=79SYBXPtsMM,video,0.430,1.03,equal-protection
How to Have These Conversations: Street Ministry in Action,review,rg9peMljJkY,They applauded 😳,https://www.youtube.com/shorts/rg9peMljJkY,short,0.420,0.71,street-ministry
How to Have These Conversations: Street Ministry in Action,review,nBQEepHLo78,You weren't listened to!,https://www.youtube.com/shorts/nBQEepHLo78,short,0.420,1.60,bodily-autonomy
How to Have These Conversations: Street Ministry in Action,review,rWfThCtRagE,Pro-Choicer Actually Listens After Running Out of Arguments,https://www.youtube.com/watch?v=rWfThCtRagE,video,0.410,1.14,personhood
How to Have These Conversations: Street Ministry in Action,review,M8Kwz_1TYmg,"I'm with the University, and I'm here to help.",https://www.youtube.com/shorts/M8Kwz_1TYmg,short,0.410,0.74,know-your-rights-free-speech-police-permits-and-
How to Have These Conversations: Street Ministry in Action,review,tOi0H8UzcHI,"""Can I Slap You?"" Pro-Choicers Get Mad",https://www.youtube.com/watch?v=tOi0H8UzcHI,video,0.410,1.05,street-ministry
How to Have These Conversations: Street Ministry in Action,review,3dL81DM6qOc,Go be with your family!,https://www.youtube.com/shorts/3dL81DM6qOc,short,0.410,1.83,men-can-t-talk-about-abortion-answering-gender-b
How to Have These Conversations: Street Ministry in Action,review,RcsIoJF4zo0,Who won?,https://www.youtube.com/shorts/RcsIoJF4zo0,short,0.400,0.66,street-ministry
"Know Your Rights: Free Speech, Police, Permits, and Filming",include,IuBDW3USBGQ,That's not soliciting,https://www.youtube.com/shorts/IuBDW3USBGQ,short,0.920,1.73,know-your-rights-free-speech-police-permits-and-
"Know Your Rights: Free Speech, Police, Permits, and Filming",include,gwsq8sPI4Wg,That's against the rules!,https://www.youtube.com/shorts/gwsq8sPI4Wg,short,0.950,1.34,know-your-rights-free-speech-police-permits-and-
"Know Your Rights: Free Speech, Police, Permits, and Filming",include,MckFKYS76m4,"""Free Speech Zones"" are Dumb",https://www.youtube.com/watch?v=MckFKYS76m4,video,0.960,1.09,know-your-rights-free-speech-police-permits-and-
"Know Your Rights: Free Speech, Police, Permits, and Filming",include,Un8wEgh-Kqw,You've gotta leave!,https://www.youtube.com/shorts/Un8wEgh-Kqw,short,0.810,1.73,know-your-rights-free-speech-police-permits-and-
"Know Your Rights: Free Speech, Police, Permits, and Filming",include,zcqFgS_MbHA,I Got Punched in the Face...,https://www.youtube.com/watch?v=zcqFgS_MbHA,video,0.940,1.05,know-your-rights-free-speech-police-permits-and-
"Know Your Rights: Free Speech, Police, Permits, and Filming",include,eriL31ge4FQ,Just leave,https://www.youtube.com/shorts/eriL31ge4FQ,short,0.940,1.03,know-your-rights-free-speech-police-permits-and-
"Know Your Rights: Free Speech, Police, Permits, and Filming",include,-4sr7YOF_lE,I'm calling the cops!,https://www.youtube.com/shorts/-4sr7YOF_lE,short,0.860,1.24,know-your-rights-free-speech-police-permits-and-
"Know Your Rights: Free Speech, Police, Permits, and Filming",include,qIeheFqFSxY,We have a permit!,https://www.youtube.com/shorts/qIeheFqFSxY,short,0.880,0.96,know-your-rights-free-speech-police-permits-and-
"Know Your Rights: Free Speech, Police, Permits, and Filming",include,M8Kwz_1TYmg,"I'm with the University, and I'm here to help.",https://www.youtube.com/shorts/M8Kwz_1TYmg,short,0.930,0.74,know-your-rights-free-speech-police-permits-and-
"Know Your Rights: Free Speech, Police, Permits, and Filming",include,WUbp281r6_U,Foreign lady hates freedom,https://www.youtube.com/shorts/WUbp281r6_U,short,0.930,0.59,know-your-rights-free-speech-police-permits-and-
"Know Your Rights: Free Speech, Police, Permits, and Filming",include,63DTR1SSy3I,This is Texas,https://www.youtube.com/shorts/63DTR1SSy3I,short,0.910,0.60,know-your-rights-free-speech-police-permits-and-
"Know Your Rights: Free Speech, Police, Permits, and Filming",include,pnCDnrup0wY,"""I'm going to follow you!""",https://www.youtube.com/shorts/pnCDnrup0wY,short,0.860,0.80,know-your-rights-free-speech-police-permits-and-
"Know Your Rights: Free Speech, Police, Permits, and Filming",include,E52BW5zj2hM,Bad Cops VS. Abortion Abolitionists “No! You Cannot Arrest Me!” ,https://www.youtube.com/watch?v=E52BW5zj2hM,video,0.930,0.51,know-your-rights-free-speech-police-permits-and-
"Know Your Rights: Free Speech, Police, Permits, and Filming",include,-fjODxiDbxg,This is their road,https://www.youtube.com/shorts/-fjODxiDbxg,short,0.910,0.53,know-your-rights-free-speech-police-permits-and-
"Know Your Rights: Free Speech, Police, Permits, and Filming",include,B8xPZxyB66s,"We ""Officially"" Got Kicked Out of the Medieval Fair",https://www.youtube.com/watch?v=B8xPZxyB66s,video,0.870,0.54,know-your-rights-free-speech-police-permits-and-
"Know Your Rights: Free Speech, Police, Permits, and Filming",include,sf_UrPDfgCI,Chill out,https://www.youtube.com/shorts/sf_UrPDfgCI,short,0.710,1.20,street-ministry
"Know Your Rights: Free Speech, Police, Permits, and Filming",include,uxiodiMfKlI,They're filming!,https://www.youtube.com/shorts/uxiodiMfKlI,short,0.730,1.08,know-your-rights-free-speech-police-permits-and-
"Know Your Rights: Free Speech, Police, Permits, and Filming",include,T635PmaiNmk,"We Got BANNED from the ""Freedom"" Trail",https://www.youtube.com/watch?v=T635PmaiNmk,video,0.720,1.03,know-your-rights-free-speech-police-permits-and-
"Know Your Rights: Free Speech, Police, Permits, and Filming",include,nypLoPRkoD8,Angry Pro-Choicers Get Aggressive,https://www.youtube.com/watch?v=nypLoPRkoD8,video,0.700,1.05,know-your-rights-free-speech-police-permits-and-
"Know Your Rights: Free Speech, Police, Permits, and Filming",include,GJZFJNlmgEU,Camera Blocker runs to police,https://www.youtube.com/shorts/GJZFJNlmgEU,short,0.800,0.49,know-your-rights-free-speech-police-permits-and-
"Know Your Rights: Free Speech, Police, Permits, and Filming",include,5n6pSHwec0Q,These guys are creepy!,https://www.youtube.com/shorts/5n6pSHwec0Q,short,0.740,0.69,know-your-rights-free-speech-police-permits-and-
"Know Your Rights: Free Speech, Police, Permits, and Filming",include,yqnfOsm-GHc,Why are you blocking her?,https://www.youtube.com/shorts/yqnfOsm-GHc,short,0.700,0.14,know-your-rights-free-speech-police-permits-and-
"Know Your Rights: Free Speech, Police, Permits, and Filming",review,hOOmmpNPVJ4,Respectful Restaurant Owner,https://www.youtube.com/shorts/hOOmmpNPVJ4,short,0.670,0.53,know-your-rights-free-speech-police-permits-and-
"Know Your Rights: Free Speech, Police, Permits, and Filming",review,dHIOTaH8SzU,ICE Agent Tries To Deport Us,https://www.youtube.com/shorts/dHIOTaH8SzU,short,0.660,0.21,know-your-rights-free-speech-police-permits-and-
"Know Your Rights: Free Speech, Police, Permits, and Filming",review,6aKcBPprdOk,They're antagonizers!,https://www.youtube.com/shorts/6aKcBPprdOk,short,0.660,0.86,know-your-rights-free-speech-police-permits-and-
"Know Your Rights: Free Speech, Police, Permits, and Filming",review,a7j1hYLe3dQ,"""Your God is a Fairytale""",https://www.youtube.com/watch?v=a7j1hYLe3dQ,video,0.650,0.88,men-can-t-talk-about-abortion-answering-gender-b
"Know Your Rights: Free Speech, Police, Permits, and Filming",review,092SlCLkL7w,"""You're Being Fools!"" Pro-Choice Student Embarrassed by His Side",https://www.youtube.com/watch?v=092SlCLkL7w,video,0.600,1.01,pro-choice-christians
"Know Your Rights: Free Speech, Police, Permits, and Filming",review,hCYrmv0eo7c,"Turn it around, Russell!",https://www.youtube.com/shorts/hCYrmv0eo7c,short,0.510,1.46,know-your-rights-free-speech-police-permits-and-
"Know Your Rights: Free Speech, Police, Permits, and Filming",review,o2E4aEss4-k,"""You Got Me FIRED!!"" Crazy Professor Wants Revenge",https://www.youtube.com/watch?v=o2E4aEss4-k,video,0.460,0.89,know-your-rights-free-speech-police-permits-and-
"Know Your Rights: Free Speech, Police, Permits, and Filming",review,8TYQESKp59Q,BLAH!,https://www.youtube.com/shorts/8TYQESKp59Q,short,0.450,1.24,personhood
"Know Your Rights: Free Speech, Police, Permits, and Filming",review,FrCYB9ruWd0,I'm having a good time!,https://www.youtube.com/shorts/FrCYB9ruWd0,short,0.430,1.45,know-your-rights-free-speech-police-permits-and-
"Know Your Rights: Free Speech, Police, Permits, and Filming",review,kAJ2OPFZEes,You all are creeps!,https://www.youtube.com/shorts/kAJ2OPFZEes,short,0.430,1.31,know-your-rights-free-speech-police-permits-and-
"Know Your Rights: Free Speech, Police, Permits, and Filming",review,07pi_JNGdkQ,She ruined dinner,https://www.youtube.com/shorts/07pi_JNGdkQ,short,0.430,1.83,bodily-autonomy
"Know Your Rights: Free Speech, Police, Permits, and Filming",review,nEQHvuucT5k,That's ai!,https://www.youtube.com/shorts/nEQHvuucT5k,short,0.430,1.08,know-your-rights-free-speech-police-permits-and-
"Know Your Rights: Free Speech, Police, Permits, and Filming",review,PT6US0qvR1M,Camera Block: Impossible,https://www.youtube.com/shorts/PT6US0qvR1M,short,0.430,0.11,know-your-rights-free-speech-police-permits-and-
"Know Your Rights: Free Speech, Police, Permits, and Filming",review,eHcCw3LyUqA,That is pretty funny.,https://www.youtube.com/shorts/eHcCw3LyUqA,short,0.420,1.72,personhood
"Know Your Rights: Free Speech, Police, Permits, and Filming",review,9sqhZHgKSuo,He actually tried to hide😂,https://www.youtube.com/shorts/9sqhZHgKSuo,short,0.420,0.94,what-about-answering-deflections-and-staying-on-
"""What About...?"" Answering Deflections and Staying on Topic",include,-0MWjoZQJok,I have done that..,https://www.youtube.com/shorts/-0MWjoZQJok,short,0.910,2.38,what-about-answering-deflections-and-staying-on-
"""What About...?"" Answering Deflections and Staying on Topic",include,t2JjrabkZr8,I foster!,https://www.youtube.com/shorts/t2JjrabkZr8,short,0.890,2.36,what-about-answering-deflections-and-staying-on-
"""What About...?"" Answering Deflections and Staying on Topic",include,bsgN1HnqPEk,EXACTLY,https://www.youtube.com/shorts/bsgN1HnqPEk,short,0.800,2.86,what-about-answering-deflections-and-staying-on-
"""What About...?"" Answering Deflections and Staying on Topic",include,QH7EOmYpfU0,You're not helping!,https://www.youtube.com/shorts/QH7EOmYpfU0,short,0.930,1.96,what-about-answering-deflections-and-staying-on-
"""What About...?"" Answering Deflections and Staying on Topic",include,b9Q7CmvXsp4,Friendly fire,https://www.youtube.com/shorts/b9Q7CmvXsp4,short,0.870,2.00,what-about-answering-deflections-and-staying-on-
"""What About...?"" Answering Deflections and Staying on Topic",include,5WY2ouZt9iA,Are they a human?,https://www.youtube.com/shorts/5WY2ouZt9iA,short,0.830,2.22,personhood
"""What About...?"" Answering Deflections and Staying on Topic",include,e6cr3qMF510,We're not doing this,https://www.youtube.com/shorts/e6cr3qMF510,short,0.780,2.44,history-of-abolition
"""What About...?"" Answering Deflections and Staying on Topic",include,KfVHr1oAyO0,They're not alive!,https://www.youtube.com/shorts/KfVHr1oAyO0,short,0.800,2.05,personhood
"""What About...?"" Answering Deflections and Staying on Topic",include,YymkPJDaR6s,Don't engage!,https://www.youtube.com/shorts/YymkPJDaR6s,short,0.800,1.83,what-about-answering-deflections-and-staying-on-
"""What About...?"" Answering Deflections and Staying on Topic",include,CgrtYRlAcMA,Hypocrites,https://www.youtube.com/shorts/CgrtYRlAcMA,short,0.880,1.35,what-about-answering-deflections-and-staying-on-
"""What About...?"" Answering Deflections and Staying on Topic",include,AwS-D2jJKds,That ended better than expected,https://www.youtube.com/shorts/AwS-D2jJKds,short,0.730,2.18,what-about-answering-deflections-and-staying-on-
"""What About...?"" Answering Deflections and Staying on Topic",include,kE0R4UIsgU0,Mean girls,https://www.youtube.com/shorts/kE0R4UIsgU0,short,0.760,1.97,pro-choice-christians
"""What About...?"" Answering Deflections and Staying on Topic",include,D2dA8iZVSLU,You are an antisemite!,https://www.youtube.com/shorts/D2dA8iZVSLU,short,0.800,1.48,what-about-answering-deflections-and-staying-on-
"""What About...?"" Answering Deflections and Staying on Topic",include,97WgL4zyAJw,Trillions!,https://www.youtube.com/shorts/97WgL4zyAJw,short,0.880,0.95,what-about-answering-deflections-and-staying-on-
"""What About...?"" Answering Deflections and Staying on Topic",include,OAxjOsZh2O8,What can I take away from you?,https://www.youtube.com/shorts/OAxjOsZh2O8,short,0.770,1.41,bodily-autonomy
"""What About...?"" Answering Deflections and Staying on Topic",include,B3bvA29f6dQ,Y'all did this to us!,https://www.youtube.com/shorts/B3bvA29f6dQ,short,0.790,1.27,men-can-t-talk-about-abortion-answering-gender-b
"""What About...?"" Answering Deflections and Staying on Topic",include,P9o4KbFAoQE,"That's just like, your opinion",https://www.youtube.com/shorts/P9o4KbFAoQE,short,0.740,1.45,moral-relativism
"""What About...?"" Answering Deflections and Staying on Topic",include,IHR66QXMZhA,You people aren't genuine,https://www.youtube.com/shorts/IHR66QXMZhA,short,0.850,0.87,what-about-answering-deflections-and-staying-on-
"""What About...?"" Answering Deflections and Staying on Topic",include,AwBTQZI1Pp8,Telling People Who've Had Abortions the Truth,https://www.youtube.com/watch?v=AwBTQZI1Pp8,video,0.760,1.25,street-ministry
"""What About...?"" Answering Deflections and Staying on Topic",include,66V17qT4WTo,"""Stop Mansplaining!!"" Abortion Loving Students Can't Handle Debate",https://www.youtube.com/watch?v=66V17qT4WTo,video,0.770,1.15,personhood
"""What About...?"" Answering Deflections and Staying on Topic",include,0A0LENArGBE,Get off of our campus!,https://www.youtube.com/shorts/0A0LENArGBE,short,0.710,1.48,quality-of-life
"""What About...?"" Answering Deflections and Staying on Topic",include,5sWH3wdQj8M,Proud Atheist Confused When Christian Agrees With Him,https://www.youtube.com/watch?v=5sWH3wdQj8M,video,0.750,1.23,bodily-autonomy
"""What About...?"" Answering Deflections and Staying on Topic",include,RnFr2hdZikg,Pro-Choice Social Worker CRASHES OUT,https://www.youtube.com/watch?v=RnFr2hdZikg,video,0.780,1.06,what-about-answering-deflections-and-staying-on-
"""What About...?"" Answering Deflections and Staying on Topic",include,PcyuDH2dBbw,What are you laughing at!,https://www.youtube.com/shorts/PcyuDH2dBbw,short,0.760,1.13,personhood
"""What About...?"" Answering Deflections and Staying on Topic",include,rWfThCtRagE,Pro-Choicer Actually Listens After Running Out of Arguments,https://www.youtube.com/watch?v=rWfThCtRagE,video,0.740,1.14,personhood
"""What About...?"" Answering Deflections and Staying on Topic",include,sTbtdokaRX0,“You’re a White Man!” You can’t talk about that!,https://www.youtube.com/watch?v=sTbtdokaRX0,video,0.730,1.11,men-can-t-talk-about-abortion-answering-gender-b
"""What About...?"" Answering Deflections and Staying on Topic",include,iKWq2bqWfjo,Pro-Aborts ATTACK When They Can't Debate,https://www.youtube.com/watch?v=iKWq2bqWfjo,video,0.730,1.10,history-of-abolition
"""What About...?"" Answering Deflections and Staying on Topic",include,0vXgLYrZgmQ,Condescending Woman Tries to Run Me Out of Town,https://www.youtube.com/watch?v=0vXgLYrZgmQ,video,0.730,1.09,personhood
"""What About...?"" Answering Deflections and Staying on Topic",include,79SYBXPtsMM,Cocky Woman Gives Up After Her Arguments Crumble,https://www.youtube.com/watch?v=79SYBXPtsMM,video,0.720,1.03,equal-protection
"""What About...?"" Answering Deflections and Staying on Topic",include,ZZwnqh3fCVM,"Black Lives Matter, ja?",https://www.youtube.com/shorts/ZZwnqh3fCVM,short,0.730,0.97,what-about-answering-deflections-and-staying-on-
"""What About...?"" Answering Deflections and Staying on Topic",include,nEQHvuucT5k,That's ai!,https://www.youtube.com/shorts/nEQHvuucT5k,short,0.710,1.08,know-your-rights-free-speech-police-permits-and-
"""What About...?"" Answering Deflections and Staying on Topic",include,0l7eQYKezy4,Clever wordplay,https://www.youtube.com/shorts/0l7eQYKezy4,short,0.780,0.65,what-about-answering-deflections-and-staying-on-
"""What About...?"" Answering Deflections and Staying on Topic",include,Priq4Uq1QOc,That's... One tactic...,https://www.youtube.com/shorts/Priq4Uq1QOc,short,0.710,0.45,what-about-answering-deflections-and-staying-on-
"""What About...?"" Answering Deflections and Staying on Topic",review,CM1v0DMBtqk,College Kid Fails to Follow Basic Reasoning,https://www.youtube.com/watch?v=CM1v0DMBtqk,video,0.690,0.92,moral-relativism
"""What About...?"" Answering Deflections and Staying on Topic",review,KUoczx0YsgQ,Apathetic College Girl Encounters Abolition,https://www.youtube.com/watch?v=KUoczx0YsgQ,video,0.680,1.27,equal-protection
"""What About...?"" Answering Deflections and Staying on Topic",review,nfQZFcbQxE8,That's just an assertion,https://www.youtube.com/shorts/nfQZFcbQxE8,short,0.680,1.68,personhood
"""What About...?"" Answering Deflections and Staying on Topic",review,O9y3oMkW4OU,Remember me?,https://www.youtube.com/shorts/O9y3oMkW4OU,short,0.680,1.21,men-can-t-talk-about-abortion-answering-gender-b
"""What About...?"" Answering Deflections and Staying on Topic",review,zlX2MZ9Y-9s,I Told a Trans Activist that She's Not Oppressed,https://www.youtube.com/watch?v=zlX2MZ9Y-9s,video,0.680,0.82,personhood
"""What About...?"" Answering Deflections and Staying on Topic",review,ScoxVxE893Y,He knew this was dumb,https://www.youtube.com/shorts/ScoxVxE893Y,short,0.670,2.20,capital-punishment-and-the-role-of-civil-governm
"""What About...?"" Answering Deflections and Staying on Topic",review,092SlCLkL7w,"""You're Being Fools!"" Pro-Choice Student Embarrassed by His Side",https://www.youtube.com/watch?v=092SlCLkL7w,video,0.630,1.01,pro-choice-christians
"""What About...?"" Answering Deflections and Staying on Topic",review,131W86s78Jw,“I Would Murder My Child to Protect Them from Abuse”,https://www.youtube.com/watch?v=131W86s78Jw,video,0.620,0.91,quality-of-life
"""What About...?"" Answering Deflections and Staying on Topic",review,rTwwtPFbQfM,“Men are Pigs!” Women HAVE to Abort Babies!,https://www.youtube.com/watch?v=rTwwtPFbQfM,video,0.620,1.28,men-can-t-talk-about-abortion-answering-gender-b
"""What About...?"" Answering Deflections and Staying on Topic",review,9sqhZHgKSuo,He actually tried to hide😂,https://www.youtube.com/shorts/9sqhZHgKSuo,short,0.620,0.94,what-about-answering-deflections-and-staying-on-
"""What About...?"" Answering Deflections and Staying on Topic",review,nBQEepHLo78,You weren't listened to!,https://www.youtube.com/shorts/nBQEepHLo78,short,0.620,1.60,bodily-autonomy
"""What About...?"" Answering Deflections and Staying on Topic",review,XfjRZ5HIHgk,The clowns are against us,https://www.youtube.com/shorts/XfjRZ5HIHgk,short,0.620,1.59,street-ministry
"""What About...?"" Answering Deflections and Staying on Topic",review,Mf5Aogin8dk,We live in a first-world country,https://www.youtube.com/shorts/Mf5Aogin8dk,short,0.610,1.52,hard-cases
"""What About...?"" Answering Deflections and Staying on Topic",review,DjFsAGn7bSA,I've got a master's degree!,https://www.youtube.com/shorts/DjFsAGn7bSA,short,0.610,0.91,history-of-abolition
"""What About...?"" Answering Deflections and Staying on Topic",review,UM3VrTvSMbw,Boston Pro-Choicers Confronted by Hundreds of Abolitionists,https://www.youtube.com/watch?v=UM3VrTvSMbw,video,0.600,0.92,history-of-abolition
"""What About...?"" Answering Deflections and Staying on Topic",review,o2E4aEss4-k,"""You Got Me FIRED!!"" Crazy Professor Wants Revenge",https://www.youtube.com/watch?v=o2E4aEss4-k,video,0.600,0.89,know-your-rights-free-speech-police-permits-and-
"""What About...?"" Answering Deflections and Staying on Topic",review,a7j1hYLe3dQ,"""Your God is a Fairytale""",https://www.youtube.com/watch?v=a7j1hYLe3dQ,video,0.590,0.88,men-can-t-talk-about-abortion-answering-gender-b
"""What About...?"" Answering Deflections and Staying on Topic",review,Ye8zgZDtNoc,Where is that?,https://www.youtube.com/shorts/Ye8zgZDtNoc,short,0.590,1.55,what-about-answering-deflections-and-staying-on-
"""What About...?"" Answering Deflections and Staying on Topic",review,kPJ5YOH1r3c,I'd sacrifice for myself,https://www.youtube.com/shorts/kPJ5YOH1r3c,short,0.590,2.18,quality-of-life
"""What About...?"" Answering Deflections and Staying on Topic",review,zwLmtUHNyfI,Go back to Texas!,https://www.youtube.com/shorts/zwLmtUHNyfI,short,0.580,2.40,what-about-answering-deflections-and-staying-on-
"""What About...?"" Answering Deflections and Staying on Topic",review,AmzTubK_3fQ,"""He's a Pedophile!!!"" Pro-Choicers Slander Christian",https://www.youtube.com/watch?v=AmzTubK_3fQ,video,0.580,0.91,pro-choice-christians
"""What About...?"" Answering Deflections and Staying on Topic",review,tWwOVxJGE3c,You don't like humans,https://www.youtube.com/shorts/tWwOVxJGE3c,short,0.580,1.13,why-every-human-has-value-image-of-god-and-objec
"""What About...?"" Answering Deflections and Staying on Topic",review,T635PmaiNmk,"We Got BANNED from the ""Freedom"" Trail",https://www.youtube.com/watch?v=T635PmaiNmk,video,0.560,1.03,know-your-rights-free-speech-police-permits-and-
"""What About...?"" Answering Deflections and Staying on Topic",review,RcsIoJF4zo0,Who won?,https://www.youtube.com/shorts/RcsIoJF4zo0,short,0.550,0.66,street-ministry
"""What About...?"" Answering Deflections and Staying on Topic",review,3dL81DM6qOc,Go be with your family!,https://www.youtube.com/shorts/3dL81DM6qOc,short,0.550,1.83,men-can-t-talk-about-abortion-answering-gender-b
"""What About...?"" Answering Deflections and Staying on Topic",review,GX1C6z_s8Rw,It won't go well for you!,https://www.youtube.com/shorts/GX1C6z_s8Rw,short,0.520,0.58,what-about-answering-deflections-and-staying-on-
"""What About...?"" Answering Deflections and Staying on Topic",review,B8xPZxyB66s,"We ""Officially"" Got Kicked Out of the Medieval Fair",https://www.youtube.com/watch?v=B8xPZxyB66s,video,0.520,0.54,know-your-rights-free-speech-police-permits-and-
"""What About...?"" Answering Deflections and Staying on Topic",review,k_SYNeevugs,Get me an Uber.,https://www.youtube.com/shorts/k_SYNeevugs,short,0.510,0.79,what-about-answering-deflections-and-staying-on-
"""What About...?"" Answering Deflections and Staying on Topic",review,mIjz-rAzKGQ,Pro-Choicer Tries to LIE About Me to My FACE,https://www.youtube.com/watch?v=mIjz-rAzKGQ,video,0.510,0.83,capital-punishment-and-the-role-of-civil-governm
"""What About...?"" Answering Deflections and Staying on Topic",review,BDxeLAxX-6o,Irate Woman: No Man Can Tell Me Not To Murder!,https://www.youtube.com/watch?v=BDxeLAxX-6o,video,0.510,1.26,men-can-t-talk-about-abortion-answering-gender-b
"""What About...?"" Answering Deflections and Staying on Topic",review,FgYSDrZ2hkM,Interrupter doesn't like interruption,https://www.youtube.com/shorts/FgYSDrZ2hkM,short,0.500,0.86,pro-choice-christians
"""What About...?"" Answering Deflections and Staying on Topic",review,1nIixc2BLoM,A bigot on a ball,https://www.youtube.com/shorts/1nIixc2BLoM,short,0.500,1.23,what-about-answering-deflections-and-staying-on-
"""What About...?"" Answering Deflections and Staying on Topic",review,sGxA_pLnKa4,Catholic School Debate Teacher Defends Abortion,https://www.youtube.com/watch?v=sGxA_pLnKa4,video,0.480,0.83,church
"""What About...?"" Answering Deflections and Staying on Topic",review,zcqFgS_MbHA,I Got Punched in the Face...,https://www.youtube.com/watch?v=zcqFgS_MbHA,video,0.480,1.05,know-your-rights-free-speech-police-permits-and-
"""What About...?"" Answering Deflections and Staying on Topic",review,nypLoPRkoD8,Angry Pro-Choicers Get Aggressive,https://www.youtube.com/watch?v=nypLoPRkoD8,video,0.470,1.05,know-your-rights-free-speech-police-permits-and-
"""What About...?"" Answering Deflections and Staying on Topic",review,8TYQESKp59Q,BLAH!,https://www.youtube.com/shorts/8TYQESKp59Q,short,0.460,1.24,personhood
"""What About...?"" Answering Deflections and Staying on Topic",review,x2damGBZ8MU,"All are welcome, except you",https://www.youtube.com/shorts/x2damGBZ8MU,short,0.460,1.53,street-ministry
"""What About...?"" Answering Deflections and Staying on Topic",review,eH2ZftGspsc,Should the strong protect the weak?,https://www.youtube.com/shorts/eH2ZftGspsc,short,0.420,1.80,personhood
"""What About...?"" Answering Deflections and Staying on Topic",review,tOi0H8UzcHI,"""Can I Slap You?"" Pro-Choicers Get Mad",https://www.youtube.com/watch?v=tOi0H8UzcHI,video,0.420,1.05,street-ministry
"""What About...?"" Answering Deflections and Staying on Topic",review,ItVt-0WtcKE,"""SCIENCE"" is NOT on the Side of Abortion",https://www.youtube.com/watch?v=ItVt-0WtcKE,video,0.420,1.08,personhood
"""What About...?"" Answering Deflections and Staying on Topic",review,yF9tu7DbQeA,Don't Be So Conservative,https://www.youtube.com/shorts/yF9tu7DbQeA,short,0.410,1.64,abolition-vs-prolife
"""What About...?"" Answering Deflections and Staying on Topic",review,uZX0CsCASPg,They have free will!,https://www.youtube.com/shorts/uZX0CsCASPg,short,0.400,1.95,capital-punishment-and-the-role-of-civil-governm
"""What About...?"" Answering Deflections and Staying on Topic",review,07pi_JNGdkQ,She ruined dinner,https://www.youtube.com/shorts/07pi_JNGdkQ,short,0.400,1.83,bodily-autonomy
Why Every Human Has Value: Image of God and Objective Worth,include,ZbUASaMqki4,Over population,https://www.youtube.com/shorts/ZbUASaMqki4,short,0.920,2.32,quality-of-life
Why Every Human Has Value: Image of God and Objective Worth,include,ca169-nNlJk,I wouldn't have remembered,https://www.youtube.com/shorts/ca169-nNlJk,short,0.870,2.41,why-every-human-has-value-image-of-god-and-objec
Why Every Human Has Value: Image of God and Objective Worth,include,5WY2ouZt9iA,Are they a human?,https://www.youtube.com/shorts/5WY2ouZt9iA,short,0.870,2.22,personhood
Why Every Human Has Value: Image of God and Objective Worth,include,ivjJPkrLV24,Using Extremes,https://www.youtube.com/shorts/ivjJPkrLV24,short,0.810,2.55,hard-cases
Why Every Human Has Value: Image of God and Objective Worth,include,e6LGwSxJyHY,What's the difference?,https://www.youtube.com/shorts/e6LGwSxJyHY,short,0.910,1.90,why-every-human-has-value-image-of-god-and-objec
Why Every Human Has Value: Image of God and Objective Worth,include,a051dvVsvJs,"""I'm being scientific."" No, you're not",https://www.youtube.com/shorts/a051dvVsvJs,short,0.860,2.11,why-every-human-has-value-image-of-god-and-objec
Why Every Human Has Value: Image of God and Objective Worth,include,xO-_-HtFknw,You don't believe in human rights,https://www.youtube.com/shorts/xO-_-HtFknw,short,0.790,2.56,why-every-human-has-value-image-of-god-and-objec
Why Every Human Has Value: Image of God and Objective Worth,include,t2JjrabkZr8,I foster!,https://www.youtube.com/shorts/t2JjrabkZr8,short,0.790,2.36,what-about-answering-deflections-and-staying-on-
Why Every Human Has Value: Image of God and Objective Worth,include,kPJ5YOH1r3c,I'd sacrifice for myself,https://www.youtube.com/shorts/kPJ5YOH1r3c,short,0.810,2.18,quality-of-life
Why Every Human Has Value: Image of God and Objective Worth,include,Yi1WKH6jWmc,The golden rule,https://www.youtube.com/shorts/Yi1WKH6jWmc,short,0.780,2.35,hard-cases
Why Every Human Has Value: Image of God and Objective Worth,include,b9Q7CmvXsp4,Friendly fire,https://www.youtube.com/shorts/b9Q7CmvXsp4,short,0.830,2.00,what-about-answering-deflections-and-staying-on-
Why Every Human Has Value: Image of God and Objective Worth,include,eH2ZftGspsc,Should the strong protect the weak?,https://www.youtube.com/shorts/eH2ZftGspsc,short,0.860,1.80,personhood
Why Every Human Has Value: Image of God and Objective Worth,include,Q8g59iRiH9I,"""It's not living"" refuted",https://www.youtube.com/shorts/Q8g59iRiH9I,short,0.750,2.50,personhood
Why Every Human Has Value: Image of God and Objective Worth,include,KfVHr1oAyO0,They're not alive!,https://www.youtube.com/shorts/KfVHr1oAyO0,short,0.810,2.05,personhood
Why Every Human Has Value: Image of God and Objective Worth,include,-0MWjoZQJok,I have done that..,https://www.youtube.com/shorts/-0MWjoZQJok,short,0.750,2.38,what-about-answering-deflections-and-staying-on-
Why Every Human Has Value: Image of God and Objective Worth,include,W7nk9up84N8,Thanos Wasn't Right...,https://www.youtube.com/shorts/W7nk9up84N8,short,0.810,1.76,quality-of-life
Why Every Human Has Value: Image of God and Objective Worth,include,rTwwtPFbQfM,“Men are Pigs!” Women HAVE to Abort Babies!,https://www.youtube.com/watch?v=rTwwtPFbQfM,video,0.900,1.28,men-can-t-talk-about-abortion-answering-gender-b
Why Every Human Has Value: Image of God and Objective Worth,include,lu26huMetBw,It's the same logic,https://www.youtube.com/shorts/lu26huMetBw,short,0.750,2.06,history-of-abolition
Why Every Human Has Value: Image of God and Objective Worth,include,5BFPIDsqUDw,2 HOURS of Atheism Being Dismantled (UNCUT),https://www.youtube.com/watch?v=5BFPIDsqUDw,video,0.950,0.98,why-every-human-has-value-image-of-god-and-objec
Why Every Human Has Value: Image of God and Objective Worth,include,80vl8mViRzM,College Student Actually Listens when Corrected by Historian,https://www.youtube.com/watch?v=80vl8mViRzM,video,0.890,1.23,history-of-abolition
Why Every Human Has Value: Image of God and Objective Worth,include,3Eurqr-KoFo,Saw it coming...,https://www.youtube.com/shorts/3Eurqr-KoFo,short,0.730,2.13,history-of-abolition
Why Every Human Has Value: Image of God and Objective Worth,include,0vXgLYrZgmQ,Condescending Woman Tries to Run Me Out of Town,https://www.youtube.com/watch?v=0vXgLYrZgmQ,video,0.900,1.09,personhood
Why Every Human Has Value: Image of God and Objective Worth,include,THF5PDcxX6M,"Pro-Choicers Openly Admit They Don't Believe in ""Human Rights""",https://www.youtube.com/watch?v=THF5PDcxX6M,video,0.900,1.09,personhood
Why Every Human Has Value: Image of God and Objective Worth,include,tOi0H8UzcHI,"""Can I Slap You?"" Pro-Choicers Get Mad",https://www.youtube.com/watch?v=tOi0H8UzcHI,video,0.880,1.05,street-ministry
Why Every Human Has Value: Image of God and Objective Worth,include,l6iCZ9DvUxk,So it's arbitrary?,https://www.youtube.com/shorts/l6iCZ9DvUxk,short,0.740,1.79,moral-relativism
Why Every Human Has Value: Image of God and Objective Worth,include,092SlCLkL7w,"""You're Being Fools!"" Pro-Choice Student Embarrassed by His Side",https://www.youtube.com/watch?v=092SlCLkL7w,video,0.880,1.01,pro-choice-christians
Why Every Human Has Value: Image of God and Objective Worth,include,rWfThCtRagE,Pro-Choicer Actually Listens After Running Out of Arguments,https://www.youtube.com/watch?v=rWfThCtRagE,video,0.850,1.14,personhood
Why Every Human Has Value: Image of God and Objective Worth,include,OzSIO1Gve7Q,In this economy!,https://www.youtube.com/shorts/OzSIO1Gve7Q,short,0.830,1.23,quality-of-life
Why Every Human Has Value: Image of God and Objective Worth,include,ItVt-0WtcKE,"""SCIENCE"" is NOT on the Side of Abortion",https://www.youtube.com/watch?v=ItVt-0WtcKE,video,0.860,1.08,personhood
Why Every Human Has Value: Image of God and Objective Worth,include,79SYBXPtsMM,Cocky Woman Gives Up After Her Arguments Crumble,https://www.youtube.com/watch?v=79SYBXPtsMM,video,0.870,1.03,equal-protection
Why Every Human Has Value: Image of God and Objective Worth,include,sTbtdokaRX0,“You’re a White Man!” You can’t talk about that!,https://www.youtube.com/watch?v=sTbtdokaRX0,video,0.850,1.11,men-can-t-talk-about-abortion-answering-gender-b
Why Every Human Has Value: Image of God and Objective Worth,include,CgrtYRlAcMA,Hypocrites,https://www.youtube.com/shorts/CgrtYRlAcMA,short,0.790,1.35,what-about-answering-deflections-and-staying-on-
Why Every Human Has Value: Image of God and Objective Worth,include,IzAD7AElcQo,I didn't understand!!,https://www.youtube.com/shorts/IzAD7AElcQo,short,0.740,1.63,capital-punishment-and-the-role-of-civil-governm
Why Every Human Has Value: Image of God and Objective Worth,include,FfdiwPQPf14,Pro-Abortion Girl Caught LYING! Loses Debate,https://www.youtube.com/watch?v=FfdiwPQPf14,video,0.810,1.19,personhood
Why Every Human Has Value: Image of God and Objective Worth,include,5sWH3wdQj8M,Proud Atheist Confused When Christian Agrees With Him,https://www.youtube.com/watch?v=5sWH3wdQj8M,video,0.800,1.23,bodily-autonomy
Why Every Human Has Value: Image of God and Objective Worth,include,AwBTQZI1Pp8,Telling People Who've Had Abortions the Truth,https://www.youtube.com/watch?v=AwBTQZI1Pp8,video,0.780,1.25,street-ministry
Why Every Human Has Value: Image of God and Objective Worth,include,tWwOVxJGE3c,You don't like humans,https://www.youtube.com/shorts/tWwOVxJGE3c,short,0.800,1.13,why-every-human-has-value-image-of-god-and-objec
Why Every Human Has Value: Image of God and Objective Worth,include,iKWq2bqWfjo,Pro-Aborts ATTACK When They Can't Debate,https://www.youtube.com/watch?v=iKWq2bqWfjo,video,0.790,1.10,history-of-abolition
Why Every Human Has Value: Image of God and Objective Worth,include,BDxeLAxX-6o,Irate Woman: No Man Can Tell Me Not To Murder!,https://www.youtube.com/watch?v=BDxeLAxX-6o,video,0.750,1.26,men-can-t-talk-about-abortion-answering-gender-b
Why Every Human Has Value: Image of God and Objective Worth,include,hWoKxGIziJE,"""I don't judge people""",https://www.youtube.com/shorts/hWoKxGIziJE,short,0.810,0.88,why-every-human-has-value-image-of-god-and-objec
Why Every Human Has Value: Image of God and Objective Worth,include,mIjz-rAzKGQ,Pro-Choicer Tries to LIE About Me to My FACE,https://www.youtube.com/watch?v=mIjz-rAzKGQ,video,0.820,0.83,capital-punishment-and-the-role-of-civil-governm
Why Every Human Has Value: Image of God and Objective Worth,include,zlX2MZ9Y-9s,I Told a Trans Activist that She's Not Oppressed,https://www.youtube.com/watch?v=zlX2MZ9Y-9s,video,0.820,0.82,personhood
Why Every Human Has Value: Image of God and Objective Worth,include,Q3HexTrgTWA,You hope I get what?,https://www.youtube.com/shorts/Q3HexTrgTWA,short,0.780,1.00,personhood
Why Every Human Has Value: Image of God and Objective Worth,include,4RbmC9tjnmo,Stop touching my sign,https://www.youtube.com/shorts/4RbmC9tjnmo,short,0.760,1.09,why-every-human-has-value-image-of-god-and-objec
Why Every Human Has Value: Image of God and Objective Worth,include,OAxjOsZh2O8,What can I take away from you?,https://www.youtube.com/shorts/OAxjOsZh2O8,short,0.700,1.41,bodily-autonomy
Why Every Human Has Value: Image of God and Objective Worth,include,PcyuDH2dBbw,What are you laughing at!,https://www.youtube.com/shorts/PcyuDH2dBbw,short,0.740,1.13,personhood
Why Every Human Has Value: Image of God and Objective Worth,include,AmzTubK_3fQ,"""He's a Pedophile!!!"" Pro-Choicers Slander Christian",https://www.youtube.com/watch?v=AmzTubK_3fQ,video,0.770,0.91,pro-choice-christians
Why Every Human Has Value: Image of God and Objective Worth,include,RnFr2hdZikg,Pro-Choice Social Worker CRASHES OUT,https://www.youtube.com/watch?v=RnFr2hdZikg,video,0.700,1.06,what-about-answering-deflections-and-staying-on-
Why Every Human Has Value: Image of God and Objective Worth,include,CM1v0DMBtqk,College Kid Fails to Follow Basic Reasoning,https://www.youtube.com/watch?v=CM1v0DMBtqk,video,0.720,0.92,moral-relativism
Why Every Human Has Value: Image of God and Objective Worth,review,KUoczx0YsgQ,Apathetic College Girl Encounters Abolition,https://www.youtube.com/watch?v=KUoczx0YsgQ,video,0.690,1.27,equal-protection
Why Every Human Has Value: Image of God and Objective Worth,review,0A0LENArGBE,Get off of our campus!,https://www.youtube.com/shorts/0A0LENArGBE,short,0.690,1.48,quality-of-life
Why Every Human Has Value: Image of God and Objective Worth,review,YtUhfKzkr5c,The ulterior motives of a white knight,https://www.youtube.com/shorts/YtUhfKzkr5c,short,0.690,2.40,bodily-autonomy
Why Every Human Has Value: Image of God and Objective Worth,review,66V17qT4WTo,"""Stop Mansplaining!!"" Abortion Loving Students Can't Handle Debate",https://www.youtube.com/watch?v=66V17qT4WTo,video,0.680,1.15,personhood
Why Every Human Has Value: Image of God and Objective Worth,review,11ArCmcXS0Y,A damsel in distress,https://www.youtube.com/shorts/11ArCmcXS0Y,short,0.680,1.70,personhood
Why Every Human Has Value: Image of God and Objective Worth,review,a7j1hYLe3dQ,"""Your God is a Fairytale""",https://www.youtube.com/watch?v=a7j1hYLe3dQ,video,0.670,0.88,men-can-t-talk-about-abortion-answering-gender-b
Why Every Human Has Value: Image of God and Objective Worth,review,sGxA_pLnKa4,Catholic School Debate Teacher Defends Abortion,https://www.youtube.com/watch?v=sGxA_pLnKa4,video,0.670,0.83,church
Why Every Human Has Value: Image of God and Objective Worth,review,1nIixc2BLoM,A bigot on a ball,https://www.youtube.com/shorts/1nIixc2BLoM,short,0.670,1.23,what-about-answering-deflections-and-staying-on-
Why Every Human Has Value: Image of God and Objective Worth,review,IQnI9CRisyc,She's sticking to her story,https://www.youtube.com/shorts/IQnI9CRisyc,short,0.650,2.04,hard-cases
Why Every Human Has Value: Image of God and Objective Worth,review,ZZwnqh3fCVM,"Black Lives Matter, ja?",https://www.youtube.com/shorts/ZZwnqh3fCVM,short,0.650,0.97,what-about-answering-deflections-and-staying-on-
Why Every Human Has Value: Image of God and Objective Worth,review,T635PmaiNmk,"We Got BANNED from the ""Freedom"" Trail",https://www.youtube.com/watch?v=T635PmaiNmk,video,0.640,1.03,know-your-rights-free-speech-police-permits-and-
Why Every Human Has Value: Image of God and Objective Worth,review,kE0R4UIsgU0,Mean girls,https://www.youtube.com/shorts/kE0R4UIsgU0,short,0.640,1.97,pro-choice-christians
Why Every Human Has Value: Image of God and Objective Worth,review,D2dA8iZVSLU,You are an antisemite!,https://www.youtube.com/shorts/D2dA8iZVSLU,short,0.630,1.48,what-about-answering-deflections-and-staying-on-
Why Every Human Has Value: Image of God and Objective Worth,review,GX1C6z_s8Rw,It won't go well for you!,https://www.youtube.com/shorts/GX1C6z_s8Rw,short,0.630,0.58,what-about-answering-deflections-and-staying-on-
Why Every Human Has Value: Image of God and Objective Worth,review,FgYSDrZ2hkM,Interrupter doesn't like interruption,https://www.youtube.com/shorts/FgYSDrZ2hkM,short,0.580,0.86,pro-choice-christians
Why Every Human Has Value: Image of God and Objective Worth,review,UM3VrTvSMbw,Boston Pro-Choicers Confronted by Hundreds of Abolitionists,https://www.youtube.com/watch?v=UM3VrTvSMbw,video,0.580,0.92,history-of-abolition
Why Every Human Has Value: Image of God and Objective Worth,review,O9y3oMkW4OU,Remember me?,https://www.youtube.com/shorts/O9y3oMkW4OU,short,0.570,1.21,men-can-t-talk-about-abortion-answering-gender-b
Why Every Human Has Value: Image of God and Objective Worth,review,lxQWR1OVuB4,Muh Bodily Autonomy,https://www.youtube.com/shorts/lxQWR1OVuB4,short,0.560,2.26,bodily-autonomy
Why Every Human Has Value: Image of God and Objective Worth,review,yxVrgcnGOew,Pretending not to understand,https://www.youtube.com/shorts/yxVrgcnGOew,short,0.550,1.97,what-about-answering-deflections-and-staying-on-
Why Every Human Has Value: Image of God and Objective Worth,review,AwS-D2jJKds,That ended better than expected,https://www.youtube.com/shorts/AwS-D2jJKds,short,0.550,2.18,what-about-answering-deflections-and-staying-on-
Why Every Human Has Value: Image of God and Objective Worth,review,W2GOQAmhlEU,Who gets punished?,https://www.youtube.com/shorts/W2GOQAmhlEU,short,0.550,2.77,hard-cases
Why Every Human Has Value: Image of God and Objective Worth,review,P9o4KbFAoQE,"That's just like, your opinion",https://www.youtube.com/shorts/P9o4KbFAoQE,short,0.550,1.45,moral-relativism
Why Every Human Has Value: Image of God and Objective Worth,review,Mf5Aogin8dk,We live in a first-world country,https://www.youtube.com/shorts/Mf5Aogin8dk,short,0.550,1.52,hard-cases
Why Every Human Has Value: Image of God and Objective Worth,review,HetMWkScOi0,It's a parasite!,https://www.youtube.com/shorts/HetMWkScOi0,short,0.540,2.26,personhood
Why Every Human Has Value: Image of God and Objective Worth,review,M7BJlMpT4zc,Did you go to college?,https://www.youtube.com/shorts/M7BJlMpT4zc,short,0.530,1.84,personhood
Why Every Human Has Value: Image of God and Objective Worth,review,07pi_JNGdkQ,She ruined dinner,https://www.youtube.com/shorts/07pi_JNGdkQ,short,0.530,1.83,bodily-autonomy
Why Every Human Has Value: Image of God and Objective Worth,review,wME441Iappk,You've got to go!,https://www.youtube.com/shorts/wME441Iappk,short,0.530,1.40,know-your-rights-free-speech-police-permits-and-
Why Every Human Has Value: Image of God and Objective Worth,review,X3gt3z-OiHE,That's impossible to answer,https://www.youtube.com/shorts/X3gt3z-OiHE,short,0.530,1.48,bodily-autonomy
Why Every Human Has Value: Image of God and Objective Worth,review,M7WZ5Cd9hPM,Who won the bet?,https://www.youtube.com/shorts/M7WZ5Cd9hPM,short,0.520,1.42,personhood
Why Every Human Has Value: Image of God and Objective Worth,review,131W86s78Jw,“I Would Murder My Child to Protect Them from Abuse”,https://www.youtube.com/watch?v=131W86s78Jw,video,0.510,0.91,quality-of-life
Why Every Human Has Value: Image of God and Objective Worth,review,Hm_COKf39s4,Hard Situation,https://www.youtube.com/shorts/Hm_COKf39s4,short,0.510,1.89,quality-of-life
Why Every Human Has Value: Image of God and Objective Worth,review,XzezMrNI7fI,The church fathers aren't with you,https://www.youtube.com/shorts/XzezMrNI7fI,short,0.500,2.69,pro-choice-christians
Why Every Human Has Value: Image of God and Objective Worth,review,zfJMriGQ5XQ,What was the argument??,https://www.youtube.com/shorts/zfJMriGQ5XQ,short,0.480,1.67,equal-protection
Why Every Human Has Value: Image of God and Objective Worth,review,d9nFDzQXc8Y,Am I Talking to a Fake Christian?,https://www.youtube.com/watch?v=d9nFDzQXc8Y,video,0.470,1.11,pro-choice-christians
Why Every Human Has Value: Image of God and Objective Worth,review,nBQEepHLo78,You weren't listened to!,https://www.youtube.com/shorts/nBQEepHLo78,short,0.470,1.60,bodily-autonomy
Why Every Human Has Value: Image of God and Objective Worth,review,e6cr3qMF510,We're not doing this,https://www.youtube.com/shorts/e6cr3qMF510,short,0.460,2.44,history-of-abolition
Why Every Human Has Value: Image of God and Objective Worth,review,h9lK-m1jFbI,Isn't that biased?,https://www.youtube.com/shorts/h9lK-m1jFbI,short,0.450,2.50,capital-punishment-and-the-role-of-civil-governm
Why Every Human Has Value: Image of God and Objective Worth,review,nfQZFcbQxE8,That's just an assertion,https://www.youtube.com/shorts/nfQZFcbQxE8,short,0.440,1.68,personhood
Why Every Human Has Value: Image of God and Objective Worth,review,ScoxVxE893Y,He knew this was dumb,https://www.youtube.com/shorts/ScoxVxE893Y,short,0.440,2.20,capital-punishment-and-the-role-of-civil-governm
Why Every Human Has Value: Image of God and Objective Worth,review,K063Lr77DGc,You should leave!,https://www.youtube.com/shorts/K063Lr77DGc,short,0.420,0.62,men-can-t-talk-about-abortion-answering-gender-b
Why Every Human Has Value: Image of God and Objective Worth,review,8TYQESKp59Q,BLAH!,https://www.youtube.com/shorts/8TYQESKp59Q,short,0.420,1.24,personhood
Why Every Human Has Value: Image of God and Objective Worth,review,j9-1TVtwKCM,It Doesn't Help,https://www.youtube.com/shorts/j9-1TVtwKCM,short,0.410,1.65,hard-cases
Why Every Human Has Value: Image of God and Objective Worth,review,nypLoPRkoD8,Angry Pro-Choicers Get Aggressive,https://www.youtube.com/watch?v=nypLoPRkoD8,video,0.410,1.05,know-your-rights-free-speech-police-permits-and-
Why Every Human Has Value: Image of God and Objective Worth,review,6NUW_TMnoRY,Boston Needs God,https://www.youtube.com/shorts/6NUW_TMnoRY,short,0.410,1.61,history-of-abolition
Capital Punishment and the Role of Civil Government,include,h9lK-m1jFbI,Isn't that biased?,https://www.youtube.com/shorts/h9lK-m1jFbI,short,0.760,2.50,capital-punishment-and-the-role-of-civil-governm
Capital Punishment and the Role of Civil Government,include,9F_iarMwlLY,They protect the wrong people,https://www.youtube.com/shorts/9F_iarMwlLY,short,0.940,1.38,capital-punishment-and-the-role-of-civil-governm
Capital Punishment and the Role of Civil Government,include,ScoxVxE893Y,He knew this was dumb,https://www.youtube.com/shorts/ScoxVxE893Y,short,0.790,2.20,capital-punishment-and-the-role-of-civil-governm
Capital Punishment and the Role of Civil Government,include,mIjz-rAzKGQ,Pro-Choicer Tries to LIE About Me to My FACE,https://www.youtube.com/watch?v=mIjz-rAzKGQ,video,0.820,0.83,capital-punishment-and-the-role-of-civil-governm
Capital Punishment and the Role of Civil Government,include,m5rKCxja6n0,Abolitionism vs. Incrementalism DEBATE w/ Doug Wilson,https://www.youtube.com/watch?v=m5rKCxja6n0,video,0.700,1.40,abolition-vs-prolife
Capital Punishment and the Role of Civil Government,review,ZJ4rVP0FKHA,She don't know that word!,https://www.youtube.com/shorts/ZJ4rVP0FKHA,short,0.650,1.61,capital-punishment-and-the-role-of-civil-governm
Capital Punishment and the Role of Civil Government,review,NDfpiIEZfnw,You want Sharia law,https://www.youtube.com/shorts/NDfpiIEZfnw,short,0.590,1.12,equal-protection
Capital Punishment and the Role of Civil Government,review,IzAD7AElcQo,I didn't understand!!,https://www.youtube.com/shorts/IzAD7AElcQo,short,0.460,1.63,capital-punishment-and-the-role-of-civil-governm
Capital Punishment and the Role of Civil Government,review,uZX0CsCASPg,They have free will!,https://www.youtube.com/shorts/uZX0CsCASPg,short,0.400,1.95,capital-punishment-and-the-role-of-civil-governm
"""Men Can't Talk About Abortion"": Answering Gender-Based Objections",include,K8Wdf4wg138,Don't tell a white man he can't fly,https://www.youtube.com/shorts/K8Wdf4wg138,short,0.950,2.39,men-can-t-talk-about-abortion-answering-gender-b
"""Men Can't Talk About Abortion"": Answering Gender-Based Objections",include,1QWHrGjux40,Imagine your dad doing this,https://www.youtube.com/shorts/1QWHrGjux40,short,0.930,1.97,men-can-t-talk-about-abortion-answering-gender-b
"""Men Can't Talk About Abortion"": Answering Gender-Based Objections",include,j5aataEPToQ,Perfect timing,https://www.youtube.com/shorts/j5aataEPToQ,short,0.900,2.00,men-can-t-talk-about-abortion-answering-gender-b
"""Men Can't Talk About Abortion"": Answering Gender-Based Objections",include,YtUhfKzkr5c,The ulterior motives of a white knight,https://www.youtube.com/shorts/YtUhfKzkr5c,short,0.810,2.40,bodily-autonomy
"""Men Can't Talk About Abortion"": Answering Gender-Based Objections",include,3dL81DM6qOc,Go be with your family!,https://www.youtube.com/shorts/3dL81DM6qOc,short,0.860,1.83,men-can-t-talk-about-abortion-answering-gender-b
"""Men Can't Talk About Abortion"": Answering Gender-Based Objections",include,BDxeLAxX-6o,Irate Woman: No Man Can Tell Me Not To Murder!,https://www.youtube.com/watch?v=BDxeLAxX-6o,video,0.940,1.26,men-can-t-talk-about-abortion-answering-gender-b
"""Men Can't Talk About Abortion"": Answering Gender-Based Objections",include,sTbtdokaRX0,“You’re a White Man!” You can’t talk about that!,https://www.youtube.com/watch?v=sTbtdokaRX0,video,0.960,1.11,men-can-t-talk-about-abortion-answering-gender-b
"""Men Can't Talk About Abortion"": Answering Gender-Based Objections",include,zfJMriGQ5XQ,What was the argument??,https://www.youtube.com/shorts/zfJMriGQ5XQ,short,0.810,1.67,equal-protection
"""Men Can't Talk About Abortion"": Answering Gender-Based Objections",include,B3bvA29f6dQ,Y'all did this to us!,https://www.youtube.com/shorts/B3bvA29f6dQ,short,0.870,1.27,men-can-t-talk-about-abortion-answering-gender-b
"""Men Can't Talk About Abortion"": Answering Gender-Based Objections",include,rTwwtPFbQfM,“Men are Pigs!” Women HAVE to Abort Babies!,https://www.youtube.com/watch?v=rTwwtPFbQfM,video,0.830,1.28,men-can-t-talk-about-abortion-answering-gender-b
"""Men Can't Talk About Abortion"": Answering Gender-Based Objections",include,O9y3oMkW4OU,Remember me?,https://www.youtube.com/shorts/O9y3oMkW4OU,short,0.810,1.21,men-can-t-talk-about-abortion-answering-gender-b
"""Men Can't Talk About Abortion"": Answering Gender-Based Objections",include,a7j1hYLe3dQ,"""Your God is a Fairytale""",https://www.youtube.com/watch?v=a7j1hYLe3dQ,video,0.780,0.88,men-can-t-talk-about-abortion-answering-gender-b
"""Men Can't Talk About Abortion"": Answering Gender-Based Objections",include,rWfThCtRagE,Pro-Choicer Actually Listens After Running Out of Arguments,https://www.youtube.com/watch?v=rWfThCtRagE,video,0.730,1.14,personhood
"""Men Can't Talk About Abortion"": Answering Gender-Based Objections",include,K063Lr77DGc,You should leave!,https://www.youtube.com/shorts/K063Lr77DGc,short,0.810,0.62,men-can-t-talk-about-abortion-answering-gender-b
"""Men Can't Talk About Abortion"": Answering Gender-Based Objections",include,sl4CtDkeKA8,I smelled it,https://www.youtube.com/shorts/sl4CtDkeKA8,short,0.720,0.91,men-can-t-talk-about-abortion-answering-gender-b
"""Men Can't Talk About Abortion"": Answering Gender-Based Objections",review,kPJ5YOH1r3c,I'd sacrifice for myself,https://www.youtube.com/shorts/kPJ5YOH1r3c,short,0.680,2.18,quality-of-life
"""Men Can't Talk About Abortion"": Answering Gender-Based Objections",review,66V17qT4WTo,"""Stop Mansplaining!!"" Abortion Loving Students Can't Handle Debate",https://www.youtube.com/watch?v=66V17qT4WTo,video,0.660,1.15,personhood
"""Men Can't Talk About Abortion"": Answering Gender-Based Objections",review,eH2ZftGspsc,Should the strong protect the weak?,https://www.youtube.com/shorts/eH2ZftGspsc,short,0.660,1.80,personhood
"""Men Can't Talk About Abortion"": Answering Gender-Based Objections",review,Q3HexTrgTWA,You hope I get what?,https://www.youtube.com/shorts/Q3HexTrgTWA,short,0.640,1.00,personhood
"""Men Can't Talk About Abortion"": Answering Gender-Based Objections",review,j9-1TVtwKCM,It Doesn't Help,https://www.youtube.com/shorts/j9-1TVtwKCM,short,0.600,1.65,hard-cases
"""Men Can't Talk About Abortion"": Answering Gender-Based Objections",review,RnFr2hdZikg,Pro-Choice Social Worker CRASHES OUT,https://www.youtube.com/watch?v=RnFr2hdZikg,video,0.570,1.06,what-about-answering-deflections-and-staying-on-
"""Men Can't Talk About Abortion"": Answering Gender-Based Objections",review,XfjRZ5HIHgk,The clowns are against us,https://www.youtube.com/shorts/XfjRZ5HIHgk,short,0.560,1.59,street-ministry
"""Men Can't Talk About Abortion"": Answering Gender-Based Objections",review,Yi1WKH6jWmc,The golden rule,https://www.youtube.com/shorts/Yi1WKH6jWmc,short,0.550,2.35,hard-cases
"""Men Can't Talk About Abortion"": Answering Gender-Based Objections",review,-0MWjoZQJok,I have done that..,https://www.youtube.com/shorts/-0MWjoZQJok,short,0.550,2.38,what-about-answering-deflections-and-staying-on-
"""Men Can't Talk About Abortion"": Answering Gender-Based Objections",review,nypLoPRkoD8,Angry Pro-Choicers Get Aggressive,https://www.youtube.com/watch?v=nypLoPRkoD8,video,0.550,1.05,know-your-rights-free-speech-police-permits-and-
"""Men Can't Talk About Abortion"": Answering Gender-Based Objections",review,OAxjOsZh2O8,What can I take away from you?,https://www.youtube.com/shorts/OAxjOsZh2O8,short,0.540,1.41,bodily-autonomy
"""Men Can't Talk About Abortion"": Answering Gender-Based Objections",review,tU37ITiGX4w,Too close,https://www.youtube.com/shorts/tU37ITiGX4w,short,0.450,1.13,personhood
"""Men Can't Talk About Abortion"": Answering Gender-Based Objections",review,mOldr9FmsIw,GET OUT OF BOSTON!,https://www.youtube.com/shorts/mOldr9FmsIw,short,0.430,0.63,street-ministry
"""Men Can't Talk About Abortion"": Answering Gender-Based Objections",review,0vXgLYrZgmQ,Condescending Woman Tries to Run Me Out of Town,https://www.youtube.com/watch?v=0vXgLYrZgmQ,video,0.430,1.09,personhood
"""Men Can't Talk About Abortion"": Answering Gender-Based Objections",review,tWwOVxJGE3c,You don't like humans,https://www.youtube.com/shorts/tWwOVxJGE3c,short,0.430,1.13,why-every-human-has-value-image-of-god-and-objec
"""Men Can't Talk About Abortion"": Answering Gender-Based Objections",review,T635PmaiNmk,"We Got BANNED from the ""Freedom"" Trail",https://www.youtube.com/watch?v=T635PmaiNmk,video,0.420,1.03,know-your-rights-free-speech-police-permits-and-
